laws_service_id,laws_service,laws,
0,"도로교통법 제152조 제1호,도로교통법 제43조",도로교통법 제152조 제1호 도로교통법 제43조를 위반하여 도로교통법 제80조에 따른 운전면허(원동기장치자전거면허는 제외한다. 이하 이 조에서 같다)를 받지 아니하거나(운전면허의 효력이 정지된 경우를 포함한다) 또는 도로교통법  제96조에 따른 국제운전면허증 또는 상호인정외국면허증을 받지 아니하고(운전이 금지된 경우와 유효기간이 지난 경우를 포함한다) 자동차를 운전한 사람 \n 누구든지 도로교통법 제80조에 따라 시ㆍ도경찰청장으로부터 운전면허를 받지 아니하거나 운전면허의 효력이 정지된 경우에는 자동차등을 운전하여서는 아니 된다.,
1,형법 제136조 제1항,형법 제136조 제1항 직무를 집행하는 공무원에 대하여 폭행 또는 협박한 자는 5년 이하의 징역 또는 1천만원 이하의 벌금에 처한다.,
2,"도로교통법 제148조의2 제3항 제1호,도로교통법 제44조 제1항","도로교통법 제148조의2 제3항 제1호 혈중알코올농도가 0.2퍼센트 이상인 사람은 2년 이상 5년 이하의 징역이나 1천만원 이상 2천만원 이하의 벌금 \n 도로교통법 제44조 제1항 누구든지 술에 취한 상태에서 자동차등(「건설기계관리법」 제26조제1항 단서에 따른 건설기계 외의 건설기계를 포함한다. 이하 이 조, 제45조, 제47조, 제93조제1항제1호부터 제4호까지 및 제148조의2에서 같다), 노면전차 또는 자전거를 운전하여서는 아니 된다.",
3,형법 제156조,형법 제156조 타인으로 하여금 형사처분 또는 징계처분을 받게 할 목적으로 공무소 또는 공무원에 대하여 허위의 사실을 신고한 자는 10년 이하의 징역 또는 1천500만원 이하의 벌금에 처한다.,
4,형법 제257조 제1항,"형법 제257조 제1항 사람의 신체를 상해한 자는 7년 이하의 징역, 10년 이하의 자격정지 또는 1천만원 이하의 벌금에 처한다.",
5,"도로교통법 제148조의2 제1항,도로교통법 제44조 제1항,도로교통법 제152조 제1호,도로교통법 제43조","도로교통법 제148조의2 제1항 도로교통법  제44조제1항 또는 제2항을 2회 이상 위반한 사람(자동차등 또는 노면전차를 운전한 사람으로 한정한다. 다만, 개인형 이동장치를 운전하는 경우는 제외한다. 이하 이 조에서 같다)은 2년 이상 5년 이하의 징역이나 1천만원 이상 2천만원 이하의 벌금에 처한다. \n 도로교통법 제44조 제1항 누구든지 술에 취한 상태에서 자동차등(「건설기계관리법」 제26조제1항 단서에 따른 건설기계 외의 건설기계를 포함한다. 이하 이 조, 제45조, 제47조, 제93조제1항제1호부터 제4호까지 및 제148조의2에서 같다), 노면전차 또는 자전거를 운전하여서는 아니 된다. \n 도로교통법 제152조 제1호 제43조를 위반하여 도로교통법 제80조에 따른 운전면허(원동기장치자전거면허는 제외한다. 이하 이 조에서 같다)를 받지 아니하거나(운전면허의 효력이 정지된 경우를 포함한다) 또는 도로교통법  제96조에 따른 국제운전면허증 또는 상호인정외국면허증을 받지 아니하고(운전이 금지된 경우와 유효기간이 지난 경우를 포함한다) 자동차를 운전한 사람 \n 도로교통법 제43조 누구든지 도로교통법 제80조에 따라 시ㆍ도경찰청장으로부터 운전면허를 받지 아니하거나 운전면허의 효력이 정지된 경우에는 자동차등을 운전하여서는 아니 된다.",
6,"도로교통법 제148조의2 제3항 제3호,도로교통법 제44조 제1항","도로교통법 제148조의2 제3항 제3호 혈중알코올농도가 0.03퍼센트 이상 0.08퍼센트 미만인 사람은 1년 이하의 징역이나 500만원 이하의 벌금 \n 도로교통법 제44조 제1항 누구든지 술에 취한 상태에서 자동차등(「건설기계관리법」 제26조제1항 단서에 따른 건설기계 외의 건설기계를 포함한다. 이하 이 조, 제45조, 제47조, 제93조제1항제1호부터 제4호까지 및 제148조의2에서 같다), 노면전차 또는 자전거를 운전하여서는 아니 된다.",
7,"도로교통법 제148조의2 제3항 제2호,도로교통법 제44조 제1항","도로교통법 제148조의2 제3항 제2호 혈중알코올농도가 0.08퍼센트 이상 0.2퍼센트 미만인 사람은 1년 이상 2년 이하의 징역이나 500만원 이상 1천만원 이하의 벌금 \n 도로교통법 제44조 제1항 누구든지 술에 취한 상태에서 자동차등(「건설기계관리법」 제26조제1항 단서에 따른 건설기계 외의 건설기계를 포함한다. 이하 이 조, 제45조, 제47조, 제93조제1항제1호부터 제4호까지 및 제148조의2에서 같다), 노면전차 또는 자전거를 운전하여서는 아니 된다.",
8,"도로교통법 제148조의2 제1항,도로교통법 제44조 제1항","도로교통법 제148조의2 제1항 혈중알코올농도가 0.2퍼센트 이상인 사람은 2년 이상 5년 이하의 징역이나 1천만원 이상 2천만원 이하의 벌금 \n 도로교통법 제44조 제1항 누구든지 술에 취한 상태에서 자동차등(「건설기계관리법」 제26조제1항 단서에 따른 건설기계 외의 건설기계를 포함한다. 이하 이 조, 제45조, 제47조, 제93조제1항제1호부터 제4호까지 및 제148조의2에서 같다), 노면전차 또는 자전거를 운전하여서는 아니 된다.",
9,형법 제347조 제1항,형법 제347조 제1항 사람을 기망하여 재물의 교부를 받거나 재산상의 이익을 취득한 자는 10년 이하의 징역 또는 2천만원 이하의 벌금에 처한다.,
10,"교통사고처리특례법 제3조 제1항,형법 제268조",교통사고처리특례법 제3조 제1항  차의 운전자가 교통사고로 인하여 「형법」 제268조의 죄를 범한 경우에는 5년 이하의 금고 또는 2천만원 이하의 벌금에 처한다. \n 형법 제268조 업무상과실 또는 중대한 과실로 사람을 사망이나 상해에 이르게 한 자는 5년 이하의 금고 또는 2천만원 이하의 벌금에 처한다.,
11,형법 제314조 제1항,형법 제314조 제1항 제313조의 방법 또는 위력으로써 사람의 업무를 방해한 자는 5년 이하의 징역 또는 1천500만원 이하의 벌금에 처한다.,
12,"형법 제284조,형법 제283조 제1항","형법 제284조 단체 또는 다중의 위력을 보이거나 위험한 물건을 휴대하여 전조제1항, 제2항의 죄를 범한 때에는 7년 이하의 징역 또는 1천만원 이하의 벌금에 처한다. \n 형법 제283조 제1항 사람을 협박한 자는 3년 이하의 징역, 500만원 이하의 벌금, 구류 또는 과료에 처한다.",
13,"교통사고처리특례법 제3조 제1항,교통사고처리특례법 제3조 제2항_단서 제11호,형법 제268조",교통사고처리특례법 제3조 제1항 차의 운전자가 교통사고로 인하여 「형법」 제268조의 죄를 범한 경우에는 5년 이하의 금고 또는 2천만원 이하의 벌금에 처한다. \n 교통사고처리특례법 제3조 제2항_단서 제11호 「도로교통법」 제12조제3항에 따른 어린이 보호구역에서 같은 조 제1항에 따른 조치를 준수하고 어린이의 안전에 유의하면서 운전하여야 할 의무를 위반하여 어린이의 신체를 상해(傷害)에 이르게 한 경우 \n 형법 제268조 업무상과실 또는 중대한 과실로 사람을 사망이나 상해에 이르게 한 자는 5년 이하의 금고 또는 2천만원 이하의 벌금에 처한다. ,
14,성매매알선등행위의처벌에관한법률 제19조 제2항 제1호,성매매알선등행위의처벌에관한법률 제19조 제2항 제1호 영업으로 성매매알선 등 행위를 한 사람,
15,형법 제330조,"형법 제330조 야간에 사람의 주거, 관리하는 건조물, 선박, 항공기 또는 점유하는 방실(房室)에 침입하여 타인의 재물을 절취(竊取)한 자는 10년 이하의 징역에 처한다.",
16,형법 제329조,형법 제329조 타인의 재물을 절취한 자는 6년 이하의 징역 또는 1천만원 이하의 벌금에 처한다.,
17,"형법 제144조 제1항,형법 제136조 제1항","형법 제144조 제1항 단체 또는 다중의 위력을 보이거나 위험한 물건을 휴대하여 형법 제136조, 형법 제138조와 형법 제140조 내지 전조의 죄를 범한 때에는 각조에 정한 형의 2분의 1까지 가중한다. \n 형법 제136조 제1항 직무를 집행하는 공무원에 대하여 폭행 또는 협박한 자는 5년 이하의 징역 또는 1천만원 이하의 벌금에 처한다.",
18,성폭력범죄의처벌등에관한특례법 제11조,"성폭력범죄의처벌등에관한특례법 제11조 대중교통수단, 공연ㆍ집회 장소, 그 밖에 공중(公衆)이 밀집하는 장소에서 사람을 추행한 사람은 3년 이하의 징역 또는 3천만원 이하의 벌금에 처한다.",
19,"형법 제314조 제1항,형법 제311조",형법 제314조 제1항  제313조의 방법 또는 위력으로써 사람의 업무를 방해한 자는 5년 이하의 징역 또는 1천500만원 이하의 벌금에 처한다. \n 형법 제311조 공연히 사람을 모욕한 자는 1년 이하의 징역이나 금고 또는 200만원 이하의 벌금에 처한다.,
20,"형법 제258조의2 제1항,형법 제257조 제1항","형법 제258조의2 제1항 단체 또는 다중의 위력을 보이거나 위험한 물건을 휴대하여 제257조제1항 또는 제2항의 죄를 범한 때에는 1년 이상 10년 이하의 징역에 처한다. \n 형법 제257조 제1항 사람의 신체를 상해한 자는 7년 이하의 징역, 10년 이하의 자격정지 또는 1천만원 이하의 벌금에 처한다.",
21,"성폭력범죄의처벌등에관한특례법 제7조 제3항,형법 제298조",성폭력범죄의처벌등에관한특례법 제7조 제3항 13세 미만의 사람에 대하여 「형법」 제298조(강제추행)의 죄를 범한 사람은 5년 이상의 유기징역에 처한다. \n 형법 제298조 폭행 또는 협박으로 사람에 대하여 추행을 한 자는 10년 이하의 징역 또는 1천500만원 이하의 벌금에 처한다.,
22,"형법 제257조 제1항,형법 제260조 제1항","형법 제257조 제1항 사람의 신체를 상해한 자는 7년 이하의 징역, 10년 이하의 자격정지 또는 1천만원 이하의 벌금에 처한다. \n 형법 제260조 제1항 사람의 신체에 대하여 폭행을 가한 자는 2년 이하의 징역, 500만원 이하의 벌금, 구류 또는 과료에 처한다.",
23,형법 제311조,형법 제311조 공연히 사람을 모욕한 자는 1년 이하의 징역이나 금고 또는 200만원 이하의 벌금에 처한다.,
24,"형법 제136조 제1항,형법 제257조 제1항","형법 제136조 제1항 직무를 집행하는 공무원에 대하여 폭행 또는 협박한 자는 5년 이하의 징역 또는 1천만원 이하의 벌금에 처한다. \n 형법 제257조 제1항 사람의 신체를 상해한 자는 7년 이하의 징역, 10년 이하의 자격정지 또는 1천만원 이하의 벌금에 처한다.",
25,"형법 제260조 제1항,형법 제136조 제1항","형법 제260조 제1항 사람의 신체에 대하여 폭행을 가한 자는 2년 이하의 징역, 500만원 이하의 벌금, 구류 또는 과료에 처한다. \n 형법 제136조 제1항  직무를 집행하는 공무원에 대하여 폭행 또는 협박한 자는 5년 이하의 징역 또는 1천만원 이하의 벌금에 처한다.",
26,형법 제355조 제1항,형법 제355조 제1항 타인의 재물을 보관하는 자가 그 재물을 횡령하거나 그 반환을 거부한 때에는 5년 이하의 징역 또는 1천500만원 이하의 벌금에 처한다.,
27,형법 제331조의2,"형법 제331조의2 권리자의 동의없이 타인의 자동차, 선박, 항공기 또는 원동기장치자전거를 일시 사용한 자는 3년 이하의 징역, 500만원 이하의 벌금, 구류 또는 과료에 처한다.",
28,"도로교통법 제148조,도로교통법 제54조 제1항","도로교통법 제148조 도로교통법 제54조제1항에 따른 교통사고 발생 시의 조치를 하지 아니한 사람(주ㆍ정차된 차만 손괴한 것이 분명한 경우에 도로교통법 제54조제1항제2호에 따라 피해자에게 인적 사항을 제공하지 아니한 사람은 제외한다)은 5년 이하의 징역이나 1천500만원 이하의 벌금에 처한다. \n 도로교통법 제54조 제1항 차 또는 노면전차의 운전 등 교통으로 인하여 사람을 사상하거나 물건을 손괴(이하 ""교통사고""라 한다)한 경우에는 그 차 또는 노면전차의 운전자나 그 밖의 승무원(이하 ""운전자등""이라 한다)은 즉시 정차하여 다음 각 호의 조치를 하여야 한다.",
29,"교통사고처리특례법 제3조 제1항,교통사고처리특례법 제3조 제2항_단서 제2호,형법 제268조","교통사고처리특례법 제3조 제1항 차의 운전자가 교통사고로 인하여 「형법」 제268조의 죄를 범한 경우에는 5년 이하의 금고 또는 2천만원 이하의 벌금에 처한다. \n 교통사고처리특례법 제3조 제2항_단서 제2호 「도로교통법」 제13조제3항을 위반하여 중앙선을 침범하거나 도로교통법 제62조를 위반하여 횡단, 유턴 또는 후진한 경우 \n 형법 제268조 업무상과실 또는 중대한 과실로 사람을 사망이나 상해에 이르게 한 자는 5년 이하의 금고 또는 2천만원 이하의 벌금에 처한다.",
30,성매매알선등행위의처벌에관한법률 제19조 제1항 제1호,성매매알선등행위의처벌에관한법률 제19조 제1항 제1호 성매매알선등행위의처벌에관한법률 제19조 제1항 제1호 성매매알선 등 행위를 한 사람,
31,"마약류관리에관한법률 제61조 제1항 제4호 가목,마약류관리에관한법률 제3조 제10호 가목",마약류관리에관한법률 제61조 제1항 제4호 가목 대마 또는 대마초 종자의 껍질을 흡연하거나 섭취한 자 \n 마약류관리에관한법률 제3조 제10호 가목 대마 또는 대마초 종자의 껍질을 흡연 또는 섭취하는 행위(마약류관리에관한법률 제3조 제7호 단서에 따라 의료 목적으로 섭취하는 행위는 제외한다),
32,"도로교통법 제148조의2 제2항,도로교통법 제44조 제2항","도로교통법 제148조의2 제2항 술에 취한 상태에 있다고 인정할 만한 상당한 이유가 있는 사람으로서 도로교통법 제44조제2항에 따른 경찰공무원의 측정에 응하지 아니하는 사람(자동차등 또는 노면전차를 운전하는 사람으로 한정한다)은 1년 이상 5년 이하의 징역이나 500만원 이상 2천만원 이하의 벌금에 처한다. \n 도로교통법 제44조 제2항  경찰공무원은 교통의 안전과 위험방지를 위하여 필요하다고 인정하거나 제1항을 위반하여 술에 취한 상태에서 자동차등, 노면전차 또는 자전거를 운전하였다고 인정할 만한 상당한 이유가 있는 경우에는 운전자가 술에 취하였는지를 호흡조사로 측정할 수 있다. 이 경우 운전자는 경찰공무원의 측정에 응하여야 한다.",
33,성폭력범죄의처벌등에관한특례법 제14조 제1항,성폭력범죄의처벌등에관한특례법 제14조 제1항 카메라나 그 밖에 이와 유사한 기능을 갖춘 기계장치를 이용하여 성적 욕망 또는 수치심을 유발할 수 있는 사람의 신체를 촬영대상자의 의사에 반하여 촬영한 자는 7년 이하의 징역 또는 5천만원 이하의 벌금에 처한다.,
34,형법 제260조 제1항,"형법 제260조 제1항 사람의 신체에 대하여 폭행을 가한 자는 2년 이하의 징역, 500만원 이하의 벌금, 구류 또는 과료에 처한다.",
35,"도로교통법 제148조의2 제3항 제2호,도로교통법 제44조 제1항,도로교통법 제152조 제1호,도로교통법 제43조","도로교통법 제148조의2 제3항 제2호 혈중알코올농도가 0.08퍼센트 이상 0.2퍼센트 미만인 사람은 1년 이상 2년 이하의 징역이나 500만원 이상 1천만원 이하의 벌금 \n 도로교통법 제44조 제1항 누구든지 술에 취한 상태에서 자동차등(「건설기계관리법」 제26조제1항 단서에 따른 건설기계 외의 건설기계를 포함한다. 이하 이 조, 제45조, 제47조, 제93조제1항제1호부터 제4호까지 및 제148조의2에서 같다), 노면전차 또는 자전거를 운전하여서는 아니 된다. \n 도로교통법 제152조 제1호 도로교통법 제43조를 위반하여 도로교통법 제80조에 따른 운전면허(원동기장치자전거면허는 제외한다. 이하 이 조에서 같다)를 받지 아니하거나(운전면허의 효력이 정지된 경우를 포함한다) 또는 도로교통법 제96조에 따른 국제운전면허증 또는 상호인정외국면허증을 받지 아니하고(운전이 금지된 경우와 유효기간이 지난 경우를 포함한다) 자동차를 운전한 사람 \n 도로교통법 제43조 누구든지 도로교통법 제80조에 따라 시ㆍ도경찰청장으로부터 운전면허를 받지 아니하거나 운전면허의 효력이 정지된 경우에는 자동차등을 운전하여서는 아니 된다.",
36,"형법 제301조,형법 제298조","형법 제301조 형법 제297조, 형법 제297조의2 및 형법 제298조부터 형법 제300조까지의 죄를 범한 자가 사람을 상해하거나 상해에 이르게 한 때에는 무기 또는 5년 이상의 징역에 처한다. \n 형법 제298조 폭행 또는 협박으로 사람에 대하여 추행을 한 자는 10년 이하의 징역 또는 1천500만원 이하의 벌금에 처한다.",
37,"형법 제261조,형법 제260조 제1항","형법 제261조 단체 또는 다중의 위력을 보이거나 위험한 물건을 휴대하여 형법 제260조제1항 또는 형법 제2항의 죄를 범한 때에는 5년 이하의 징역 또는 1천만원 이하의 벌금에 처한다. \n 형법 제260조 제1항 사람의 신체에 대하여 폭행을 가한 자는 2년 이하의 징역, 500만원 이하의 벌금, 구류 또는 과료에 처한다.",
38,"폭력행위등처벌에관한법률 제2조 제2항 제1호,형법 제260조 제1항","폭력행위등처벌에관한법률 제2조 제2항 제1호 「형법」 제260조제1항(폭행), 「형법」 제283조제1항(협박), 「형법」 제319조(주거침입, 퇴거불응) 또는 「형법」 제366조(재물손괴 등)의 죄 \n 형법 제260조 제1항 사람의 신체에 대하여 폭행을 가한 자는 2년 이하의 징역, 500만원 이하의 벌금, 구류 또는 과료에 처한다.",
39,"마약류관리에관한법률 제60조 제1항 제2호,마약류관리에관한법률 제4조 제1항 제1호,마약류관리에관한법률 제2조 제3호 나목","마약류관리에관한법률 제60조 제1항 제2호 마약류 관리에 관한 법률 제4조제1항을 위반하여 마약류 관리에 관한 법률 제2조제3호나목 및 다목에 해당하는 향정신성의약품 또는 그 물질을 함유하는 향정신성의약품을 매매, 매매의 알선, 수수, 소지, 소유, 사용, 관리, 조제, 투약, 제공한 자 또는 향정신성의약품을 기재한 처방전을 발급한 자 \n 마약류관리에관한법률 제4조 제1항 제1호 마약 또는 향정신성의약품을 소지, 소유, 사용, 운반, 관리, 수입, 수출, 제조, 조제, 투약, 수수, 매매, 매매의 알선 또는 제공하는 행위 \n 마약류관리에관한법률 제2조 제3호 나목 오용하거나 남용할 우려가 심하고 매우 제한된 의료용으로만 쓰이는 것으로서 이를 오용하거나 남용할 경우 심한 신체적 또는 정신적 의존성을 일으키는 약물 또는 이를 함유하는 물질",
40,"형법 제369조 제1항,형법 제366조","형법 제369조 제1항 단체 또는 다중의 위력을 보이거나 위험한 물건을 휴대하여 제366조의 죄를 범한 때에는 5년 이하의 징역 또는 1천만원 이하의 벌금에 처한다. \n 형법 제366조 타인의 재물, 문서 또는 전자기록등 특수매체기록을 손괴 또는 은닉 기타 방법으로 기 효용을 해한 자는 3년이하의 징역 또는 700만원 이하의 벌금에 처한다.",
41,"특정범죄가중처벌등에관한법률 제5조의3 제1항 제2호,형법 제268조",특정범죄가중처벌등에관한법률 제5조의3 제1항 제2호 피해자를 상해에 이르게 한 경우에는 1년 이상의 유기징역 또는 500만원 이상 3천만원 이하의 벌금에 처한다. \n 형법 제268조 업무상과실 또는 중대한 과실로 사람을 사망이나 상해에 이르게 한 자는 5년 이하의 금고 또는 2천만원 이하의 벌금에 처한다.,
42,형법 제366조,"형법 제366조 타인의 재물, 문서 또는 전자기록등 특수매체기록을 손괴 또는 은닉 기타 방법으로 기 효용을 해한 자는 3년이하의 징역 또는 700만원 이하의 벌금에 처한다.",
43,형법 제298조,형법 제298조 폭행 또는 협박으로 사람에 대하여 추행을 한 자는 10년 이하의 징역 또는 1천500만원 이하의 벌금에 처한다.,
44,"형법 제257조 제1항,형법 제366조","형법 제257조 제1항 사람의 신체를 상해한 자는 7년 이하의 징역, 10년 이하의 자격정지 또는 1천만원 이하의 벌금에 처한다. \n 형법 제366조 타인의 재물, 문서 또는 전자기록등 특수매체기록을 손괴 또는 은닉 기타 방법으로 기 효용을 해한 자는 3년이하의 징역 또는 700만원 이하의 벌금에 처한다.",
45,형법 제245조,"형법 제245조 공연히 음란한 행위를 한 자는 1년 이하의 징역, 500만원 이하의 벌금, 구류 또는 과료에 처한다.",
46,"형법 제356조,형법 제355조 제1항",형법 제356조 업무상의 임무에 위배하여 형법 제355조의 죄를 범한 자는 10년이하의 징역 또는 3천만원이하의 벌금에 처한다. \n 형법 제355조 제1항 타인의 재물을 보관하는 자가 그 재물을 횡령하거나 그 반환을 거부한 때에는 5년 이하의 징역 또는 1천500만원 이하의 벌금에 처한다.,
47,"도로교통법 제148조의2 제2항,도로교통법 제44조 제2항,도로교통법 제152조 제1호,도로교통법 제43조","도로교통법 제148조의2 제2항 술에 취한 상태에 있다고 인정할 만한 상당한 이유가 있는 사람으로서 도로교통법 제44조제2항에 따른 경찰공무원의 측정에 응하지 아니하는 사람(자동차등 또는 노면전차를 운전하는 사람으로 한정한다)은 1년 이상 5년 이하의 징역이나 500만원 이상 2천만원 이하의 벌금에 처한다. \n 도로교통법 제44조 제2항  경찰공무원은 교통의 안전과 위험방지를 위하여 필요하다고 인정하거나 제1항을 위반하여 술에 취한 상태에서 자동차등, 노면전차 또는 자전거를 운전하였다고 인정할 만한 상당한 이유가 있는 경우에는 운전자가 술에 취하였는지를 호흡조사로 측정할 수 있다. 이 경우 운전자는 경찰공무원의 측정에 응하여야 한다. \n 도로교통법 제152조 제1호 도로교통법 제43조를 위반하여 도로교통법 제80조에 따른 운전면허(원동기장치자전거면허는 제외한다. 이하 이 조에서 같다)를 받지 아니하거나(운전면허의 효력이 정지된 경우를 포함한다) 또는 도로교통법 제96조에 따른 국제운전면허증 또는 상호인정외국면허증을 받지 아니하고(운전이 금지된 경우와 유효기간이 지난 경우를 포함한다) 자동차를 운전한 사람 \n 도로교통법 제43조 누구든지 도로교통법 제80조에 따라 시ㆍ도경찰청장으로부터 운전면허를 받지 아니하거나 운전면허의 효력이 정지된 경우에는 자동차등을 운전하여서는 아니 된다.",
48,"형법 제355조 제2항,형법 제355조 제1항",형법 제355조 제2항 타인의 사무를 처리하는 자가 그 임무에 위배하는 행위로써 재산상의 이익을 취득하거나 제삼자로 하여금 이를 취득하게 0하여 본인에게 손해를 가한 때에도 전항의 형과 같다. \n 형법 제355조 제1항 타인의 재물을 보관하는 자가 그 재물을 횡령하거나 그 반환을 거부한 때에는 5년 이하의 징역 또는 1천500만원 이하의 벌금에 처한다.,
49,"교통사고처리특례법 제3조 제1항,교통사고처리특례법 제3조 제2항_단서 제1호,형법 제268조",교통사고처리특례법 제3조 제1항 차의 운전자가 교통사고로 인하여 「형법」 제268조의 죄를 범한 경우에는 5년 이하의 금고 또는 2천만원 이하의 벌금에 처한다. \n 교통사고처리특례법 제3조 제2항_단서 제1호 「도로교통법」 제5조에 따른 신호기가 표시하는 신호 또는 교통정리를 하는 경찰공무원등의 신호를 위반하거나 통행금지 또는 일시정지를 내용으로 하는 안전표지가 표시하는 지시를 위반하여 운전한 경우 \n 형법 제268조 업무상과실 또는 중대한 과실로 사람을 사망이나 상해에 이르게 한 자는 5년 이하의 금고 또는 2천만원 이하의 벌금에 처한다.,
50,"자동차손해배상보장법 제46조 제2항 제2호,자동차손해배상보장법 제8조_본문","자동차손해배상보장법 제46조 제2항 제2호 자동차손해배상 보장법 제27조를 위반하여 의무보험 사업을 구분 경리하지 아니한 보험회사등 \n 자동차손해배상보장법 제8조_본문 무보험에 가입되어 있지 아니한 자동차는 도로에서 운행하여서는 아니 된다. 다만, 자동차손해배상 보장법 제5조제4항에 따라 대통령령으로 정하는 자동차는 운행할 수 있다.",
51,"특정범죄가중처벌등에관한법률 제5조의11 제1항,도로교통법 제148조의2 제3항 제2호,도로교통법 제44조 제1항","특정범죄가중처벌등에관한법률 제5조의11 제1항  음주 또는 약물의 영향으로 정상적인 운전이 곤란한 상태에서 자동차(원동기장치자전거를 포함한다)를 운전하여 사람을 상해에 이르게 한 사람은 1년 이상 15년 이하의 징역 또는 1천만원 이상 3천만원 이하의 벌금에 처하고, 사망에 이르게 한 사람은 무기 또는 3년 이상의 징역에 처한다. \n 도로교통법 제148조의2 제3항 제2호 혈중알코올농도가 0.08퍼센트 이상 0.2퍼센트 미만인 사람은 1년 이상 2년 이하의 징역이나 500만원 이상 1천만원 이하의 벌금 \n 도로교통법 제44조 제1항 누구든지 술에 취한 상태에서 자동차등(「건설기계관리법」 제26조제1항 단서에 따른 건설기계 외의 건설기계를 포함한다. 이하 이 조, 제45조, 제47조, 제93조제1항제1호부터 제4호까지 및 제148조의2에서 같다), 노면전차 또는 자전거를 운전하여서는 아니 된다.",
52,형법 제323조,"형법 제323조 타인의 점유 또는 권리의 목적이 된 자기의 물건 또는 전자기록등 특수매체기록을 취거, 은닉 또는 손괴하여 타인의 권리행사를 방해한 자는 5년 이하의 징역 또는 700만원 이하의 벌금에 처한다.",
53,"형법 제332조,형법 제330조","형법 제323조 타인의 점유 또는 권리의 목적이 된 자기의 물건 또는 전자기록등 특수매체기록을 취거, 은닉 또는 손괴하여 타인의 권리행사를 방해한 자는 5년 이하의 징역 또는 700만원 이하의 벌금에 처한다. \n 야간에 사람의 주거, 관리하는 건조물, 선박, 항공기 또는 점유하는 방실(房室)에 침입하여 타인의 재물을 절취(竊取)한 자는 10년 이하의 징역에 처한다.",
54,특정범죄가중처벌등에관한법률 제5조의10 제1항,특정범죄가중처벌등에관한법률 제5조의10 제1항 운행 중(「여객자동차 운수사업법」 제2조제3호에 따른 여객자동차운송사업을 위하여 사용되는 자동차를 운행하는 중 운전자가 여객의 승차ㆍ하차 등을 위하여 일시 정차한 경우를 포함한다)인 자동차의 운전자를 폭행하거나 협박한 사람은 5년 이하의 징역 또는 2천만원 이하의 벌금에 처한다.,
55,"형법 제319조 제2항,형법 제319조 제1항","형법 제319조 제2항 전항의 장소에서 퇴거요구를 받고 응하지 아니한 자도 전항의 형과 같다. \n 형법 제319조 제1항 사람의 주거, 관리하는 건조물, 선박이나 항공기 또는 점유하는 방실에 침입한 자는 3년 이하의 징역 또는 500만원 이하의 벌금에 처한다.",
56,형법 제266조 제1항,"형법 제266조 제1항 과실로 인하여 사람의 신체를 상해에 이르게 한 자는 500만원 이하의 벌금, 구류 또는 과료에 처한다.",
57,"특정범죄가중처벌등에관한법률 제5조의3 제1항 제2호,형법 제268조,도로교통법 제148조,도로교통법 제54조 제1항",특정범죄가중처벌등에관한법률 제5조의3 제1항 제2호 피해자를 상해에 이르게 한 경우에는 1년 이상의 유기징역 또는 500만원 이상 3천만원 이하의 벌금에 처한다. \n 형법 제268조 업무상과실 또는 중대한 과실로 사람을 사망이나 상해에 이르게 한 자는 5년 이하의 금고 또는 2천만원 이하의 벌금에 처한다. \n 도로교통법 제148조 도로교통법 제54조제1항에 따른 교통사고 발생 시의 조치를 하지 아니한 사람(주ㆍ정차된 차만 손괴한 것이 분명한 경우에 도로교통법 제54조제1항제2호에 따라 피해자에게 인적 사항을 제공하지 아니한 사람은 제외한다)은 5년 이하의 징역이나 1천500만원 이하의 벌금에 처한다. \n 도로교통법 제54조 제1항 차 또는 노면전차의 운전 등 교통으로 인하여 사람을 사상하거나 물건을 손괴(이하 “교통사고”라 한다)한 경우에는 그 차 또는 노면전차의 운전자나 그 밖의 승무원(이하 “운전자등”이라 한다)은 즉시 정차하여 다음 각 호의 조치를 하여야 한다.,
58,"정보통신망이용촉진및정보보호등에관한법률 제74조 제1항 제2호,정보통신망이용촉진및정보보호등에관한법률 제44조의7 제1항 제1호",정보통신망이용촉진및정보보호등에관한법률 제74조 제1항 제2호 정보통신망 이용촉진 및 정보보호 등에 관한 법률 제44조의7제1항제1호를 위반하여 음란한 부호ㆍ문언ㆍ음향ㆍ화상 또는 영상을 배포ㆍ판매ㆍ임대하거나 공공연하게 전시한 자 \n 정보통신망이용촉진및정보보호등에관한법률 제44조의7 제1항 제1호 음란한 부호ㆍ문언ㆍ음향ㆍ화상 또는 영상을 배포ㆍ판매ㆍ임대하거나 공공연하게 전시하는 내용의 정보,
59,"도로교통법 제152조 제1호,도로교통법 제43조,자동차손해배상보장법 제46조 제2항 제2호,자동차손해배상보장법 제8조_본문","도로교통법 제152조 제1호 제43조를 위반하여 도로교통법 제80조에 따른 운전면허(원동기장치자전거면허는 제외한다. 이하 이 조에서 같다)를 받지 아니하거나(운전면허의 효력이 정지된 경우를 포함한다) 또는 도로교통법 제96조에 따른 국제운전면허증 또는 상호인정외국면허증을 받지 아니하고(운전이 금지된 경우와 유효기간이 지난 경우를 포함한다) 자동차를 운전한 사람 \n 도로교통법 제43조 누구든지 도로교통법 제80조에 따라 시ㆍ도경찰청장으로부터 운전면허를 받지 아니하거나 운전면허의 효력이 정지된 경우에는 자동차등을 운전하여서는 아니 된다. \n 자동차손해배상보장법 제46조 제2항 제2호 자동차손해배상 보장법 제27조를 위반하여 의무보험 사업을 구분 경리하지 아니한 보험회사등 \n 자동차손해배상보장법 제8조_본문 의무보험에 가입되어 있지 아니한 자동차는 도로에서 운행하여서는 아니 된다. 다만, 자동차손해배상 보장법 제5조제4항에 따라 대통령령으로 정하는 자동차는 운행할 수 있다.",
60,"형법 제262조,형법 제260조 제1항,형법 제257조 제1항","형법 제262조 형법 제260조와 형법 제261조의 죄를 지어 사람을 사망이나 상해에 이르게 한 경우에는 형법 제257조부터 형법 제259조까지의 예에 따른다. \n 형법 제257조 제1항 사람의 신체를 상해한 자는 7년 이하의 징역, 10년 이하의 자격정지 또는 1천만원 이하의 벌금에 처한다. ",
61,"폭력행위등처벌에관한법률 제2조 제2항 제3호,형법 제257조 제1항","폭력행위등처벌에관한법률 제2조 제2항 제3호 형법 제257조 제1항(상해)ㆍ제2항(존속상해), 형법 제276조 제2항(존속체포, 존속감금) 또는 형법 제350조(공갈)의 죄 \n 형법 제257조 제1항 사람의 신체를 상해한 자는 7년 이하의 징역, 10년 이하의 자격정지 또는 1천만원 이하의 벌금에 처한다.",
62,"형법 제314조 제1항,형법 제260조 제1항","형법 제314조 제1항 형법 제313조의 방법 또는 위력으로써 사람의 업무를 방해한 자는 5년 이하의 징역 또는 1천500만원 이하의 벌금에 처한다. \n 형법 제260조 제1항 사람의 신체에 대하여 폭행을 가한 자는 2년 이하의 징역, 500만원 이하의 벌금, 구류 또는 과료에 처한다.",
63,"형법 제347조 제2항,형법 제347조 제1항",형법 제347조 제2항 컴퓨터등 정보처리장치에 허위의 정보 또는 부정한 명령을 입력하거나 권한 없이 정보를 입력ㆍ변경하여 정보처리를 하게 함으로써 재산상의 이익을 취득하거나 제3자로 하여금 취득하게 한 자는 10년 이하의 징역 또는 2천만원 이하의 벌금에 처한다. \n 형법 제347조 제1항 사람을 기망하여 재물의 교부를 받거나 재산상의 이익을 취득한 자는 10년 이하의 징역 또는 2천만원 이하의 벌금에 처한다.,
64,"도로교통법 제148조의2 제3항 제3호,도로교통법 제44조 제1항,도로교통법 제152조 제1호,도로교통법 제43조","도로교통법 제148조의2 제3항 제3호 혈중알코올농도가 0.03퍼센트 이상 0.08퍼센트 미만인 사람은 1년 이하의 징역이나 500만원 이하의 벌금 \n 도로교통법 제44조 제1항 도로교통법 제44조 제1항 누구든지 술에 취한 상태에서 자동차등(건설기계관리법 제26조제1항 단서에 따른 건설기계 외의 건설기계를 포함한다. 이하 이 조, 도로교통법 제45조, 도로교통법 제47조, 도로교통법 제93조 제1항 제1호부터 제4호까지 및 도로교통법 제148조의2에서 같다), 노면전차 또는 자전거를 운전하여서는 아니 된다.",
65,형법 제185조,"형법 제185조 육로, 수로 또는 교량을 손괴 또는 불통하게 하거나 기타 방법으로 교통을 방해한 자는 10년 이하의 징역 또는 1천500만원 이하의 벌금에 처한다.",
66,"교통사고처리특례법 제3조 제1항,교통사고처리특례법 제3조 제2항_단서 제9호,형법 제268조",교통사고처리특례법 제3조 제1항 차의 운전자가 교통사고로 인하여 형법 제268조의 죄를 범한 경우에는 5년 이하의 금고 또는 2천만원 이하의 벌금에 처한다. \n 교통사고처리특례법 제3조 제2항_단서 제9호 도로교통법 제13조제1항을 위반하여 보도(步道)가 설치된 도로의 보도를 침범하거나 도로교통법 제13조제2항에 따른 보도 횡단방법을 위반하여 운전한 경우 \n 형법 제268조 업무상과실 또는 중대한 과실로 사람을 사망이나 상해에 이르게 한 자는 5년 이하의 금고 또는 2천만원 이하의 벌금에 처한다.,
67,"형법 제331조 제2항,형법 제331조 제1항",형법 제331조 제2항 흉기를 휴대하거나 2명 이상이 합동하여 타인의 재물을 절취한 자도 형법 제331조 제1항의 형에 처한다. \n 형법 제331조 제1항 야간에 문이나 담 그 밖의 건조물의 일부를 손괴하고 형법 제330조의 장소에 침입하여 타인의 재물을 절취한 자는 1년 이상 10년 이하의 징역에 처한다.,
68,"교통사고처리특례법 제3조 제1항,교통사고처리특례법 제3조 제2항_단서 제8호,형법 제268조,도로교통법 제148조의2 제3항 제2호,도로교통법 제44조 제1항","교통사고처리특례법 제3조 제1항 차의 운전자가 교통사고로 인하여 형법 제268조의 죄를 범한 경우에는 5년 이하의 금고 또는 2천만원 이하의 벌금에 처한다. \n 교통사고처리특례법 제3조 제2항_단서 제8호 도로교통법 제44조제1항을 위반하여 술에 취한 상태에서 운전을 하거나 도로교통법 제45조를 위반하여 약물의 영향으로 정상적으로 운전하지 못할 우려가 있는 상태에서 운전한 경우 \n 형법 제268조 업무상과실 또는 중대한 과실로 사람을 사망이나 상해에 이르게 한 자는 5년 이하의 금고 또는 2천만원 이하의 벌금에 처한다. \n 도로교통법 제148조의2 제3항 제2호 혈중알코올농도가 0.08퍼센트 이상 0.2퍼센트 미만인 사람은 1년 이상 2년 이하의 징역이나 500만원 이상 1천만원 이하의 벌금 \n 도로교통법 제44조 제1항 누구든지 술에 취한 상태에서 자동차등(건설기계관리법 제26조제1항 단서에 따른 건설기계 외의 건설기계를 포함한다. 이하 이 조, 도로교통법 제45조, 도로교통법 제47조, 도로교통법 제93조 제1항 제1호부터 제4호까지 및 도로교통법 제148조의2에서 같다), 노면전차 또는 자전거를 운전하여서는 아니 된다.",
69,형법 제319조 제1항,"형법 제319조 제1항 사람의 주거, 관리하는 건조물, 선박이나 항공기 또는 점유하는 방실에 침입한 자는 3년 이하의 징역 또는 500만원 이하의 벌금에 처한다.",
70,형법 제283조 제1항,"형법 제283조 제1항 사람을 협박한 자는 3년 이하의 징역, 500만원 이하의 벌금, 구류 또는 과료에 처한다.",
71,형법 제152조 제1항,형법 제152조 제1항 법률에 의하여 선서한 증인이 허위의 진술을 한 때에는 5년 이하의 징역 또는 1천만원 이하의 벌금에 처한다.,
72,형법 제347조의2,형법 제347조의2 컴퓨터등 정보처리장치에 허위의 정보 또는 부정한 명령을 입력하거나 권한 없이 정보를 입력ㆍ변경하여 정보처리를 하게 함으로써 재산상의 이익을 취득하거나 제3자로 하여금 취득하게 한 자는 10년 이하의 징역 또는 2천만원 이하의 벌금에 처한다.,
73,성폭력범죄의처벌등에관한특례법 제13조,"성폭력범죄의처벌등에관한특례법 제13조 자기 또는 다른 사람의 성적 욕망을 유발하거나 만족시킬 목적으로 전화, 우편, 컴퓨터, 그 밖의 통신매체를 통하여 성적 수치심이나 혐오감을 일으키는 말, 음향, 글, 그림, 영상 또는 물건을 상대방에게 도달하게 한 사람은 2년 이하의 징역 또는 2천만원 이하의 벌금에 처한다.",
74,형법 제357조 제1항,형법 제357조 제1항 타인의 사무를 처리하는 자가 그 임무에 관하여 부정한 청탁을 받고 재물 또는 재산상의 이익을 취득하거나 제3자로 하여금 이를 취득하게 한 때에는 5년 이하의 징역 또는 1천만원 이하의 벌금에 처한다.,
75,형법 제246조 제1항,"형법 제246조 제1항 도박을 한 사람은 1천만원 이하의 벌금에 처한다. 다만, 일시오락 정도에 불과한 경우에는 예외로 한다.",
76,"형법 제319조 제1항,형법 제329조","형법 제319조 제1항 사람의 주거, 관리하는 건조물, 선박이나 항공기 또는 점유하는 방실에 침입한 자는 3년 이하의 징역 또는 500만원 이하의 벌금에 처한다. \n 형법 제329조 타인의 재물을 절취한 자는 6년 이하의 징역 또는 1천만원 이하의 벌금에 처한다.",
77,"형법 제314조 제1항,형법 제136조 제1항",형법 제314조 제1항 형법 제313조의 방법 또는 위력으로써 사람의 업무를 방해한 자는 5년 이하의 징역 또는 1천500만원 이하의 벌금에 처한다. \n 형법 제136조 제1항 직무를 집행하는 공무원에 대하여 폭행 또는 협박한 자는 5년 이하의 징역 또는 1천만원 이하의 벌금에 처한다.,
78,"형법 제331조 제1항,형법 제330조","형법 제331조 제1항 야간에 문이나 담 그 밖의 건조물의 일부를 손괴하고 형법 제330조의 장소에 침입하여 타인의 재물을 절취한 자는 1년 이상 10년 이하의 징역에 처한다. \n 형법 제330조 야간에 사람의 주거, 관리하는 건조물, 선박, 항공기 또는 점유하는 방실(房室)에 침입하여 타인의 재물을 절취(竊取)한 자는 10년 이하의 징역에 처한다.",
79,"형법 제356조,형법 제355조 제2항,형법 제355조 제1항",형법 제356조 업무상의 임무에 위배하여 형법 제355조의 죄를 범한 자는 10년 이하의 징역 또는 3천만원 이하의 벌금에 처한다. \n 형법 제355조 제2항 타인의 사무를 처리하는 자가 그 임무에 위배하는 행위로써 재산상의 이익을 취득하거나 제삼자로 하여금 이를 취득하게 하여 본인에게 손해를 가한 때에도 전항의 형과 같다. \n 형법 제355조 제1항 타인의 재물을 보관하는 자가 그 재물을 횡령하거나 그 반환을 거부한 때에는 5년 이하의 징역 또는 1천500만원 이하의 벌금에 처한다.,
80,"특정경제범죄가중처벌등에관한법률 제3조 제1항 제2호,형법 제347조 제1항",특정경제범죄가중처벌등에관한법률 제3조 제1항 제2호 이득액이 5억원 이상 50억원 미만일 때: 3년 이상의 유기징역 \n 형법 제347조 제1항 사람을 기망하여 재물의 교부를 받거나 재산상의 이익을 취득한 자는 10년 이하의 징역 또는 2천만원 이하의 벌금에 처한다.,
81,"특정범죄가중처벌등에관한법률 제5조의11 제1항,도로교통법 제148조의2 제1항,도로교통법 제44조 제1항","특정범죄가중처벌등에관한법률 제5조의11 제1항 음주 또는 약물의 영향으로 정상적인 운전이 곤란한 상태에서 자동차(원동기장치자전거를 포함한다)를 운전하여 사람을 상해에 이르게 한 사람은 1년 이상 15년 이하의 징역 또는 1천만원 이상 3천만원 이하의 벌금에 처하고, 사망에 이르게 한 사람은 무기 또는 3년 이상의 징역에 처한다. \n 도로교통법 제148조의2 제1항 도로교통법 제44조 제1항 또는 도로교통법 제44조 제2항을 2회 이상 위반한 사람(자동차등 또는 노면전차를 운전한 사람으로 한정한다. 다만, 개인형 이동장치를 운전하는 경우는 제외한다. 이하 이 조에서 같다)은 2년 이상 5년 이하의 징역이나 1천만원 이상 2천만원 이하의 벌금에 처한다. \n 도로교통법 제44조 제1항 누구든지 술에 취한 상태에서 자동차등(건설기계관리법 제26조제1항 단서에 따른 건설기계 외의 건설기계를 포함한다. 이하 이 조, 도로교통법 제45조, 도로교통법 제47조, 도로교통법 제93조 제1항 제1호부터 제4호까지 및 도로교통법 제148조의2에서 같다), 노면전차 또는 자전거를 운전하여서는 아니 된다.",
82,"교통사고처리특례법 제3조 제1항,교통사고처리특례법 제3조 제2항_단서 제6호,형법 제268조",교통사고처리특례법 제3조 제1항 차의 운전자가 교통사고로 인하여 형법 제268조의 죄를 범한 경우에는 5년 이하의 금고 또는 2천만원 이하의 벌금에 처한다. \n 교통사고처리특례법 제3조 제2항_단서 제6호 도로교통법 제27조 제1항에 따른 횡단보도에서의 보행자 보호의무를 위반하여 운전한 경우 \n 형법 제268조 업무상과실 또는 중대한 과실로 사람을 사망이나 상해에 이르게 한 자는 5년 이하의 금고 또는 2천만원 이하의 벌금에 처한다.,
83,"교통사고처리특례법 제3조 제1항,교통사고처리특례법 제3조 제2항_단서 제8호,형법 제268조,도로교통법 제148조의2 제1항,도로교통법 제44조 제1항","교통사고처리특례법 제3조 제1항 차의 운전자가 교통사고로 인하여 형법 제268조의 죄를 범한 경우에는 5년 이하의 금고 또는 2천만원 이하의 벌금에 처한다. \n 교통사고처리특례법 제3조 제2항_단서 제8호 도로교통법 제44조제1항을 위반하여 술에 취한 상태에서 운전을 하거나 도로교통법 제45조를 위반하여 약물의 영향으로 정상적으로 운전하지 못할 우려가 있는 상태에서 운전한 경우 \n 형법 제268조 업무상과실 또는 중대한 과실로 사람을 사망이나 상해에 이르게 한 자는 5년 이하의 금고 또는 2천만원 이하의 벌금에 처한다. \n 도로교통법 제148조의2 제1항 도로교통법 제44조 제1항 또는 도로교통법 제 44조 제2항을 2회 이상 위반한 사람(자동차등 또는 노면전차를 운전한 사람으로 한정한다. 다만, 개인형 이동장치를 운전하는 경우는 제외한다. 이하 이 조에서 같다)은 2년 이상 5년 이하의 징역이나 1천만원 이상 2천만원 이하의 벌금에 처한다.",
84,"성폭력범죄의처벌등에관한특례법 제14조 제2항,성폭력범죄의처벌등에관한특례법 제14조 제1항",성폭력범죄의처벌등에관한특례법 제14조 제2항 성폭력범죄의처벌등에관한특례법 제14조 제1항의 촬영이 촬영 당시에는 촬영대상자의 의사에 반하지 아니하는 경우에도 사후에 그 의사에 반하여 촬영물을 반포·판매·임대·제공 또는 공공연하게 전시·상영한 자는 3년 이하의 징역 또는 500만원 이하의 벌금에 처한다. \n 성폭력범죄의처벌등에관한특례법 제14조 제1항 카메라나 그 밖에 이와 유사한 기능을 갖춘 기계장치를 이용하여 성적 욕망 또는 수치심을 유발할 수 있는 다른 사람의 신체를 그 의사에 반하여 촬영하거나 그 촬영물을 반포·판매·임대·제공 또는 공공연하게 전시·상영한 자는 5년 이하의 징역 또는 1천만원 이하의 벌금에 처한다.,
85,도로교통법 제151조,도로교통법 제151조 차 또는 노면전차의 운전자가 업무상 필요한 주의를 게을리하거나 중대한 과실로 다른 사람의 건조물이나 그 밖의 재물을 손괴한 경우에는 2년 이하의 금고나 500만원 이하의 벌금에 처한다.,
86,"도로교통법 제148조의2 제3항 제1호,도로교통법 제44조 제1항,도로교통법 제152조 제1호,도로교통법 제43조","도로교통법 제148조의2 제3항 제1호 혈중알코올농도가 0.2퍼센트 이상인 사람은 2년 이상 5년 이하의 징역이나 1천만원 이상 2천만원 이하의 벌금 \n 도로교통법 제44조 제1항 누구든지 술에 취한 상태에서 자동차등(건설기계관리법 제26조 제1항 단서에 따른 건설기계 외의 건설기계를 포함한다. 이하 이 조, 도로교통법 제45조, 도로교통법 제47조, 도로교통법 제93조 제1항 제1호부터 제4호까지 및 도로교통법 제148조의2에서 같다), 노면전차 또는 자전거를 운전하여서는 아니 된다. \n 도로교통법 제152조 제1호 도로교통법 제43조를 위반하여 도로교통법 제80조에 따른 운전면허(원동기장치자전거면허는 제외한다. 이하 이 조에서 같다)를 받지 아니하거나(운전면허의 효력이 정지된 경우를 포함한다) 또는 도로교통법 제96조에 따른 국제운전면허증 또는 상호인정외국면허증을 받지 아니하고(운전이 금지된 경우와 유효기간이 지난 경우를 포함한다) 자동차를 운전한 사람 \n 도로교통법 제43조 누구든지 도로교통법 제80조에 따라 시ㆍ도경찰청장으로부터 운전면허를 받지 아니하거나 운전면허의 효력이 정지된 경우에는 자동차등을 운전하여서는 아니 된다. ",
87,형법 제268조,형법 제268조 업무상과실 또는 중대한 과실로 사람을 사망이나 상해에 이르게 한 자는 5년 이하의 금고 또는 2천만원 이하의 벌금에 처한다.,
88,"형법 제332조,형법 제329조",형법 제332조 상습으로 제329조 내지 제331조의2의 죄를 범한 자는 그 죄에 정한 형의 2분의 1까지 가중한다. \n 형법 제329조 타인의 재물을 절취한 자는 6년 이하의 징역 또는 1천만원 이하의 벌금에 처한다.,
89,"형법 제257조 제1항,형법 제314조 제1항","형법 제257조 제1항 사람의 신체를 상해한 자는 7년 이하의 징역, 10년 이하의 자격정지 또는 1천만원 이하의 벌금에 처한다. \n 형법 제314조 제1항 형법 제313조의 방법(허위의 사실을 유포하거나 기타 위계) 또는 위력으로써 사람의 업무를 방해한 자는 5년 이하의 징역 또는 1천500만원 이하의 벌금에 처한다.",
90,"성폭력범죄의처벌등에관한특례법 제6조 제3항,형법 제298조",성폭력범죄의처벌등에관한특례법 제6조 제3항 신체적인 또는 정신적인 장애가 있는 사람에 대하여 형법 제298조(강제추행)의 죄를 범한 사람은 3년 이상의 유기징역 또는 3천만원 이상 5천만원 이하의 벌금에 처한다. \n 형법 제298조 폭행 또는 협박으로 사람에 대하여 추행을 한 자는 10년 이하의 징역 또는 1천500만원 이하의 벌금에 처한다.,
91,"교통사고처리특례법 제3조 제1항,교통사고처리특례법 제3조 제2항_단서 제8호,형법 제268조,도로교통법 제148조의2 제3항 제1호,도로교통법 제44조 제1항","교통사고처리특례법 제3조 제1항 차의 운전자가 교통사고로 인하여 형법 제268조의 죄를 범한 경우에는 5년 이하의 금고 또는 2천만원 이하의 벌금에 처한다.  \n 교통사고처리특례법 제3조 제2항_단서 제8호 도로교통법 제44조 제1항을 위반하여 술에 취한 상태에서 운전을 하거나 도로교통법 제45조를 위반하여 약물의 영향으로 정상적으로 운전하지 못할 우려가 있는 상태에서 운전한 경우 \n 형법 제268조 업무상과실 또는 중대한 과실로 사람을 사망이나 상해에 이르게 한 자는 5년 이하의 금고 또는 2천만원 이하의 벌금에 처한다. \n 도로교통법 제148조의2 제3항 제1호 혈중알코올농도가 0.2퍼센트 이상인 사람은 2년 이상 5년 이하의 징역이나 1천만원 이상 2천만원 이하의 벌금 \n 도로교통법 제44조 제1항 누구든지 술에 취한 상태에서 자동차등(건설기계관리법 제26조 제1항 단서에 따른 건설기계 외의 건설기계를 포함한다. 이하 이 조, 도로교통법 제45조, 도로교통법 제47조, 도로교통법 제93조 제1항 제1호부터 제4호까지 및 도로교통법 제148조의2에서 같다), 노면전차 또는 자전거를 운전하여서는 아니 된다.",
92,형법 제307조 제1항,형법 제307조 제1항 공연히 사실을 적시하여 사람의 명예를 훼손한 자는 2년 이하의 징역이나 금고 또는 500만원 이하의 벌금에 처한다.,
93,"특정범죄가중처벌등에관한법률 제5조의10 제2항,특정범죄가중처벌등에관한법률 제5조의10 제1항","특정범죄가중처벌등에관한법률 제5조의10 제2항 특정범죄가중처벌등에관한법률 제5조의10 제1항의 죄를 범하여 사람을 상해에 이르게 한 경우에는 3년 이상의 유기징역에 처하고, 사망에 이르게 한 경우에는 무기 또는 5년 이상의 징역에 처한다. \n 특정범죄가중처벌등에관한법률 제5조의10 제1항 운행 중(여객자동차 운수사업법 제2조제3호에 따른 여객자동차운송사업을 위하여 사용되는 자동차를 운행하는 중 운전자가 여객의 승차ㆍ하차 등을 위하여 일시 정차한 경우를 포함한다)인 자동차의 운전자를 폭행하거나 협박한 사람은 5년 이하의 징역 또는 2천만원 이하의 벌금에 처한다.",
94,"교통사고처리특례법 제3조 제1항,교통사고처리특례법 제3조 제2항_단서 제1호,교통사고처리특례법 제3조 제2항_단서 제6호,형법 제268조",교통사고처리특례법 제3조 제1항 차의 운전자가 교통사고로 인하여 형법 제268조의 죄를 범한 경우에는 5년 이하의 금고 또는 2천만원 이하의 벌금에 처한다. \n 교통사고처리특례법 제3조 제2항_단서 제1호 도로교통법 제5조에 따른 신호기가 표시하는 신호 또는 교통정리를 하는 경찰공무원등의 신호를 위반하거나 통행금지 또는 일시정지를 내용으로 하는 안전표지가 표시하는 지시를 위반하여 운전한 경우 \n 교통사고처리특례법 제3조 제2항_단서 제6호 도로교통법 제27조 제1항에 따른 횡단보도에서의 보행자 보호의무를 위반하여 운전한 경우 \n 형법 제268조 업무상과실 또는 중대한 과실로 사람을 사망이나 상해에 이르게 한 자는 5년 이하의 금고 또는 2천만원 이하의 벌금에 처한다.,
95,성매매알선등행위의처벌에관한법률 제21조 제1항,성매매알선등행위의처벌에관한법률 제21조 제1항 성매매를 한 사람은 1년 이하의 징역이나 300만원 이하의 벌금ㆍ구류 또는 과료(科料)에 처한다.,
96,"형법 제299조,형법 제298조","형법 제299조 사람의 심신상실 또는 항거불능의 상태를 이용하여 간음 또는 추행을 한 자는 형법 제297조, 형법 제297조의2 및 형법 제298조의 예에 의한다. \n 형법 제298조 폭행 또는 협박으로 사람에 대하여 추행을 한 자는 10년 이하의 징역 또는 1천500만원 이하의 벌금에 처한다.",
97,아동ㆍ청소년의성보호에관한법률 제11조 제5항,아동ㆍ청소년의성보호에관한법률 제11조 제5항 아동ㆍ청소년성착취물을 구입하거나 아동ㆍ청소년성착취물임을 알면서 이를 소지ㆍ시청한 자는 1년 이상의 징역에 처한다.,
98,"특정범죄가중처벌등에관한법률 제5조의4 제5항 제1호,형법 제329조",특정범죄가중처벌등에관한법률 제5조의4 제5항 제1호 형법 제329조부터 형법 제331조까지의 죄(미수범을 포함한다)를 범한 경우에는 2년 이상 20년 이하의 징역에 처한다. \n 형법 제329조 타인의 재물을 절취한 자는 6년 이하의 징역 또는 1천만원 이하의 벌금에 처한다.,
99,"특정경제범죄가중처벌등에관한법률 제3조 제1항 제2호,형법 제356조,형법 제355조 제1항",특정경제범죄가중처벌등에관한법률 제3조 제1항 제2호 이득액이 5억원 이상 50억원 미만일 때: 3년 이상의 유기징역 \n 형법 제356조 업무상의 임무에 위배하여 제355조의 죄를 범한 자는 10년이하의 징역 또는 3천만원이하의 벌금에 처한다. \n 형법 제355조 제1항 타인의 재물을 보관하는 자가 그 재물을 횡령하거나 그 반환을 거부한 때에는 5년 이하의 징역 또는 1천500만원 이하의 벌금에 처한다.,
100,"도로교통법 제148조의2 제3항 제3호,도로교통법 제44조 제1항,도로교통법 제154조 제2호,도로교통법 제43조","도로교통법 제148조의2 제3항 제3호 혈중알코올농도가 0.03퍼센트 이상 0.08퍼센트 미만인 사람은 1년 이하의 징역이나 500만원 이하의 벌금 \n 도로교통법 제44조 제1항 누구든지 술에 취한 상태에서 자동차등(건설기계관리법 제26조 제1항 단서에 따른 건설기계 외의 건설기계를 포함한다. 이하 이 조, 도로교통법 제45조, 도로교통법 제47조, 도로교통법 제93조 제1항 제1호부터 제4호까지 및 도로교통법 제148조의2에서 같다), 노면전차 또는 자전거를 운전하여서는 아니 된다. \n 도로교통법 제154조 제2호 도로교통법 제43조를 위반하여 도로교통법 제80조에 따른 원동기장치자전거를 운전할 수 있는 운전면허를 받지 아니하거나(원동기장치자전거를 운전할 수 있는 운전면허의 효력이 정지된 경우를 포함한다) 국제운전면허증 또는 상호인정외국면허증 중 원동기장치자전거를 운전할 수 있는 것으로 기재된 국제운전면허증 또는 상호인정외국면허증을 발급받지 아니하고(운전이 금지된 경우와 유효기간이 지난 경우를 포함한다) 원동기장치자전거를 운전한 사람(다만, 개인형 이동장치를 운전하는 경우는 제외한다) \n 도로교통법 제43조 누구든지 도로교통법 제80조에 따라 시ㆍ도경찰청장으로부터 운전면허를 받지 아니하거나 운전면허의 효력이 정지된 경우에는 자동차등을 운전하여서는 아니 된다.",
101,"형법 제260조 제1항,형법 제311조","형법 제260조 제1항 사람의 신체에 대하여 폭행을 가한 자는 2년 이하의 징역, 500만원 이하의 벌금, 구류 또는 과료에 처한다. \n 형법 제366조 타인의 재물, 문서 또는 전자기록등 특수매체기록을 손괴 또는 은닉 기타 방법으로 기 효용을 해한 자는 3년이하의 징역 또는 700만원 이하의 벌금에 처한다.",
102,"교통사고처리특례법 제3조 제1항,교통사고처리특례법 제3조 제2항_단서 제3호,형법 제268조",교통사고처리특례법 제3조 제1항 차의 운전자가 교통사고로 인하여 형법 제268조의 죄를 범한 경우에는 5년 이하의 금고 또는 2천만원 이하의 벌금에 처한다. \n 교통사고처리특례법 제3조 제2항_단서 제3호 도로교통법 제17조 제1항 또는 제2항에 따른 제한속도를 시속 20킬로미터 초과하여 운전한 경우 \n 형법 제268조 업무상과실 또는 중대한 과실로 사람을 사망이나 상해에 이르게 한 자는 5년 이하의 금고 또는 2천만원 이하의 벌금에 처한다.,
103,"교통사고처리특례법 제3조 제1항,교통사고처리특례법 제3조 제2항_단서 제8호,형법 제268조,도로교통법 제148조의2 제3항 제3호,도로교통법 제44조 제1항","교통사고처리특례법 제3조 제1항 차의 운전자가 교통사고로 인하여 형법 제268조의 죄를 범한 경우에는 5년 이하의 금고 또는 2천만원 이하의 벌금에 처한다. \n 교통사고처리특례법 제3조 제2항_단서 제3호 도로교통법 제17조 제1항 또는 제2항에 따른 제한속도를 시속 20킬로미터 초과하여 운전한 경우 \n 형법 제268조 업무상과실 또는 중대한 과실로 사람을 사망이나 상해에 이르게 한 자는 5년 이하의 금고 또는 2천만원 이하의 벌금에 처한다. \n 도로교통법 제148조의2 제3항 제3호 혈중알코올농도가 0.03퍼센트 이상 0.08퍼센트 미만인 사람은 1년 이하의 징역이나 500만원 이하의 벌금 \n 도로교통법 제44조 제1항 누구든지 술에 취한 상태에서 자동차등(건설기계관리법 제26조 제1항 단서에 따른 건설기계 외의 건설기계를 포함한다. 이하 이 조, 도로교통법 제45조, 도로교통법 제47조, 도로교통법 제93조 제1항 제1호부터 제4호까지 및 도로교통법 제148조의2에서 같다), 노면전차 또는 자전거를 운전하여서는 아니 된다. ",
104,"형법 제319조 제1항,형법 제366조","형법 제319조 제1항 사람의 주거, 관리하는 건조물, 선박이나 항공기 또는 점유하는 방실에 침입한 자는 3년 이하의 징역 또는 500만원 이하의 벌금에 처한다. \n 형법 제366조 타인의 재물, 문서 또는 전자기록등 특수매체기록을 손괴 또는 은닉 기타 방법으로 기 효용을 해한 자는 3년이하의 징역 또는 700만원 이하의 벌금에 처한다.",
105,성폭력범죄의처벌등에관한특례법 제12조,"성폭력범죄의처벌등에관한특례법 제12조 자기의 성적 욕망을 만족시킬 목적으로 화장실, 목욕장ㆍ목욕실 또는 발한실(發汗室), 모유수유시설, 탈의실 등 불특정 다수가 이용하는 다중이용장소에 침입하거나 같은 장소에서 퇴거의 요구를 받고 응하지 아니하는 사람은 1년 이하의 징역 또는 1천만원 이하의 벌금에 처한다.",
106,"특정범죄가중처벌등에관한법률 제5조의11 제1항,도로교통법 제148조의2 제3항 제1호,도로교통법 제44조 제1항","특정범죄가중처벌등에관한법률 제5조의11 제1항 음주 또는 약물의 영향으로 정상적인 운전이 곤란한 상태에서 자동차(원동기장치자전거를 포함한다)를 운전하여 사람을 상해에 이르게 한 사람은 1년 이상 15년 이하의 징역 또는 1천만원 이상 3천만원 이하의 벌금에 처하고, 사망에 이르게 한 사람은 무기 또는 3년 이상의 징역에 처한다.",
107,형법 제307조 제2항,"형법 제307조 제2항 공연히 허위의 사실을 적시하여 사람의 명예를 훼손한 자는 5년 이하의 징역, 10년 이하의 자격정지 또는 1천만원 이하의 벌금에 처한다.",
108,정보통신망이용촉진및정보보호등에관한법률 제70조 제2항,"정보통신망이용촉진및정보보호등에관한법률 제70조 제2항 사람을 비방할 목적으로 정보통신망을 통하여 공공연하게 거짓의 사실을 드러내어 다른 사람의 명예를 훼손한 자는 7년 이하의 징역, 10년 이하의 자격정지 또는 5천만원 이하의 벌금에 처한다.",
109,"도로교통법 제148조의2 제1항,도로교통법 제44조 제1항,도로교통법 제154조 제2호,도로교통법 제43조","도로교통법 제148조의2 제1항 도로교통법 제44조 제1항 또는 제2항을 2회 이상 위반한 사람(자동차등 또는 노면전차를 운전한 사람으로 한정한다. 다만, 개인형 이동장치를 운전하는 경우는 제외한다. 이하 이 조에서 같다)은 2년 이상 5년 이하의 징역이나 1천만원 이상 2천만원 이하의 벌금에 처한다. \n 도로교통법 제44조 제1항 누구든지 술에 취한 상태에서 자동차등(건설기계관리법 제26조 제1항 단서에 따른 건설기계 외의 건설기계를 포함한다. 이하 이 조, 도로교통법 제45조, 도로교통법 제47조, 도로교통법 제93조 제1항 제1호부터 제4호까지 및 도로교통법 제148조의2에서 같다), 노면전차 또는 자전거를 운전하여서는 아니 된다. \n 도로교통법 제154조 제2호 도로교통법 제43조를 위반하여 도로교통법 제80조에 따른 원동기장치자전거를 운전할 수 있는 운전면허를 받지 아니하거나(원동기장치자전거를 운전할 수 있는 운전면허의 효력이 정지된 경우를 포함한다) 국제운전면허증 또는 상호인정외국면허증 중 원동기장치자전거를 운전할 수 있는 것으로 기재된 국제운전면허증 또는 상호인정외국면허증을 발급받지 아니하고(운전이 금지된 경우와 유효기간이 지난 경우를 포함한다) 원동기장치자전거를 운전한 사람(다만, 개인형 이동장치를 운전하는 경우는 제외한다) \n 도로교통법 제43조 누구든지 제80조에 따라 시ㆍ도경찰청장으로부터 운전면허를 받지 아니하거나 운전면허의 효력이 정지된 경우에는 자동차등을 운전하여서는 아니 된다.",
110,"형법 제299조,형법 제297조의2","형법 제299조 사람의 심신상실 또는 항거불능의 상태를 이용하여 간음 또는 추행을 한 자는 형법 제297조, 형법 제297조의2 및 형법 제298조의 예에 의한다. \n 형법 제297조의2 폭행 또는 협박으로 사람에 대하여 구강, 항문 등 신체(성기는 제외한다)의 내부에 성기를 넣거나 성기, 항문에 손가락 등 신체(성기는 제외한다)의 일부 또는 도구를 넣는 행위를 한 사람은 2년 이상의 유기징역에 처한다.",
111,"형법 제136조 제1항,형법 제311조",형법 제136조 제1항 직무를 집행하는 공무원에 대하여 폭행 또는 협박한 자는 5년 이하의 징역 또는 1천만원 이하의 벌금에 처한다. \n 형법 제311조 공연히 사람을 모욕한 자는 1년 이하의 징역이나 금고 또는 200만원 이하의 벌금에 처한다.,
112,"형법 제314조 제1항,형법 제366조","형법 제314조 제1항 형법 제313조의 방법(허위의 사실을 유포하거나 기타 위계) 또는 위력으로써 사람의 업무를 방해한 자는 5년 이하의 징역 또는 1천500만원 이하의 벌금에 처한다. \n 형법 제366조 타인의 재물, 문서 또는 전자기록등 특수매체기록을 손괴 또는 은닉 기타 방법으로 기 효용을 해한 자는 3년이하의 징역 또는 700만원 이하의 벌금에 처한다.",
113,"도로교통법 제148조의2 제1항,도로교통법 제44조 제2항","도로교통법 제148조의2 제1항 도로교통법 제44조 제1항 또는 도로교통법 제44조 제2항을 2회 이상 위반한 사람(자동차등 또는 노면전차를 운전한 사람으로 한정한다. 다만, 개인형 이동장치를 운전하는 경우는 제외한다. 이하 이 조에서 같다)은 2년 이상 5년 이하의 징역이나 1천만원 이상 2천만원 이하의 벌금에 처한다. \n 도로교통법 제44조 제2항 경찰공무원은 교통의 안전과 위험방지를 위하여 필요하다고 인정하거나 제1항을 위반하여 술에 취한 상태에서 자동차등, 노면전차 또는 자전거를 운전하였다고 인정할 만한 상당한 이유가 있는 경우에는 운전자가 술에 취하였는지를 호흡조사로 측정할 수 있다. 이 경우 운전자는 경찰공무원의 측정에 응하여야 한다.",
114,형법 제362조 제1항,"형법 제362조 제1항 장물을 취득, 양도, 운반 또는 보관한 자는 7년 이하의 징역 또는 1천500만원 이하의 벌금에 처한다.",
115,"성폭력범죄의처벌등에관한특례법 제3조 제1항,형법 제319조 제1항,형법 제298조","성폭력범죄의처벌등에관한특례법 제3조 제1항 형법 제319조 제1항(주거침입), 형법 제330조(야간주거침입절도), 형법 제331조(특수절도) 또는 형법 제342조(미수범. 다만, 형법 제330조 및 형법 제331조의 미수범으로 한정한다)의 죄를 범한 사람이 형법 제297조(강간), 형법 제297조의2(유사강간), 형법 제298조(강제추행) 및 형법 제299조(준강간, 준강제추행)의 죄를 범한 경우에는 무기징역 또는 7년 이상의 징역에 처한다. \n 형법 제319조 제1항 사람의 주거, 관리하는 건조물, 선박이나 항공기 또는 점유하는 방실에 침입한 자는 3년 이하의 징역 또는 500만원 이하의 벌금에 처한다. \n 형법 제298조 폭행 또는 협박으로 사람에 대하여 추행을 한 자는 10년 이하의 징역 또는 1천500만원 이하의 벌금에 처한다.",
116,형법 제297조,형법 제297조 폭행 또는 협박으로 사람을 강간한 자는 3년 이상의 유기징역에 처한다.,
117,"성폭력범죄의처벌등에관한특례법 제3조 제1항,형법 제319조 제1항,형법 제299조,형법 제298조","성폭력범죄의처벌등에관한특례법 제3조 제1항 형법 제319조 제1항(주거침입), 형법 제330조(야간주거침입절도), 형법 제331조(특수절도) 또는 형법 제342조(미수범. 다만, 형법 제330조 및 형법 제331조의 미수범으로 한정한다)의 죄를 범한 사람이 형법 제297조(강간), 형법 제297조의2(유사강간), 형법 제298조(강제추행) 및 형법 제299조(준강간, 준강제추행)의 죄를 범한 경우에는 무기징역 또는 7년 이상의 징역에 처한다. \n 형법 제319조 제1항 사람의 주거, 관리하는 건조물, 선박이나 항공기 또는 점유하는 방실에 침입한 자는 3년 이하의 징역 또는 500만원 이하의 벌금에 처한다. \n 형법 제299조 사람의 심신상실 또는 항거불능의 상태를 이용하여 간음 또는 추행을 한 자는 형법 제297조, 형법 제297조의2 및 형법 제298조의 예에 의한다. \n 형법 제298조 폭행 또는 협박으로 사람에 대하여 추행을 한 자는 10년 이하의 징역 또는 1천500만원 이하의 벌금에 처한다.",
118,"형법 제260조 제1항,형법 제366조","형법 제260조 제1항 사람의 신체에 대하여 폭행을 가한 자는 2년 이하의 징역, 500만원 이하의 벌금, 구류 또는 과료에 처한다. \n 형법 제366조 타인의 재물, 문서 또는 전자기록등 특수매체기록을 손괴 또는 은닉 기타 방법으로 기 효용을 해한 자는 3년이하의 징역 또는 700만원 이하의 벌금에 처한다.",
119,형법 제360조 제1항,"형법 제360조 제1항 유실물, 표류물 또는 타인의 점유를 이탈한 재물을 횡령한 자는 1년 이하의 징역이나 300만원 이하의 벌금 또는 과료에 처한다.",
120,"도로교통법 제148조의2 제3항 제2호,도로교통법 제44조 제1항,도로교통법 제154조 제2호,도로교통법 제43조","도로교통법 제148조의2 제3항 제2호 도로교통법 제44조 제1항을 위반하여 술에 취한 상태에서 자동차등 또는 노면전차를 운전한 사람은 다음 각 호의 구분에 따라 처벌한다. 혈중알코올농도가 0.08퍼센트 이상 0.2퍼센트 미만인 사람은 1년 이상 2년 이하의 징역이나 500만원 이상 1천만원 이하의 벌금. \n 도로교통법 제44조 제1항 누구든지 술에 취한 상태에서 자동차등(「건설기계관리법」 제26조제1항 단서에 따른 건설기계 외의 건설기계를 포함한다. 이하 이 조, 도로교통법 제45조, 도로교통법 제47조, 도로교통법 제93조제1항제1호부터 제4호까지 및 도로교통법 제148조의2에서 같다), 노면전차 또는 자전거를 운전하여서는 아니 된다. \n 도로교통법 제154조 제2호 제43조를 위반하여 제80조에 따른 원동기장치자전거를 운전할 수 있는 운전면허를 받지 아니하거나(원동기장치자전거를 운전할 수 있는 운전면허의 효력이 정지된 경우를 포함한다) 국제운전면허증 또는 상호인정외국면허증 중 원동기장치자전거를 운전할 수 있는 것으로 기재된 국제운전면허증 또는 상호인정외국면허증을 발급받지 아니하고(운전이 금지된 경우와 유효기간이 지난 경우를 포함한다) 원동기장치자전거를 운전한 사람(다만, 개인형 이동장치를 운전하는 경우는 제외한다). \n 도로교통법 제43조 누구든지 도로교통법 제80조에 따라 시ㆍ도경찰청장으로부터 운전면허를 받지 아니하거나 운전면허의 효력이 정지된 경우에는 자동차등을 운전하여서는 아니 된다. ",
121,형법 제297조의2,"형법 제297조의2 폭행 또는 협박으로 사람에 대하여 구강, 항문 등 신체(성기는 제외한다)의 내부에 성기를 넣거나 성기, 항문에 손가락 등 신체(성기는 제외한다)의 일부 또는 도구를 넣는 행위를 한 사람은 2년 이상의 유기징역에 처한다.",
122,"교통사고처리특례법 제3조 제1항,교통사고처리특례법 제3조 제2항_단서 제10호,형법 제268조","형법 제268조 업무상과실 또는 중대한 과실로 사람을 사망이나 상해에 이르게 한 자는 5년 이하의 금고 또는 2천만원 이하의 벌금에 처한다. \n 교통사고처리특례법 제3조 제1항 차의 운전자가 교통사고로 인하여 「형법」 제268조의 죄를 범한 경우에는 5년 이하의 금고 또는 2천만원 이하의 벌금에 처한다. \n 교통사고처리특례법 제3조 제2항 단서 10호 차의 교통으로 제1항의 죄 중 업무상과실치상죄 또는 중과실치상죄와 도로교통법 제151조의 죄를 범한 운전자에 대하여는 피해자의 명시적인 의사에 반하여 공소를 제기할 수 없다. 다만, 차의 운전자가 제1항의 죄 중 업무상과실치상죄 또는 중과실치상죄를 범하고도 피해자를 구호하는 등 도로교통법 제54조제1항에 따른 조치를 하지 아니하고 도주하거나 피해자를 사고 장소로부터 옮겨 유기하고 도주한 경우, 같은 죄를 범하고 도로교통법 제44조 제2항을 위반하여 음주측정 요구에 따르지 아니한 경우(운전자가 채혈 측정을 요청하거나 동의한 경우는 제외한다)와 다음 각 호의 어느 하나에 해당하는 행위로 인하여 같은 죄를 범한 경우에는 그러하지 아니하다. 도로교통법 제39조 제3항에 따른 승객의 추락 방지의무를 위반하여 운전한 경우",
123,"형법 제257조 제2항,형법 제257조 제1항","형법 제257조 제1항 사람의 신체를 상해한 자는 7년 이하의 징역, 10년 이하의 자격정지 또는 1천만원 이하의 벌금에 처한다. \n 형법 제257조 제2항 자기 또는 배우자의 직계존속에 대하여 제1항의 죄를 범한 때에는 10년 이하의 징역 또는 1천500만원 이하의 벌금에 처한다.",
124,"형법 제366조,형법 제136조 제1항","형법 제366조 타인의 재물, 문서 또는 전자기록등 특수매체기록을 손괴 또는 은닉 기타 방법으로 기 효용을 해한 자는 3년이하의 징역 또는 700만원 이하의 벌금에 처한다. \n 형법 제136조 제1항 직무를 집행하는 공무원에 대하여 폭행 또는 협박한 자는 5년 이하의 징역 또는 1천만원 이하의 벌금에 처한다.",
125,"형법 제301조,형법 제297조","형법 제297조 폭행 또는 협박으로 사람을 강간한 자는 3년 이상의 유기징역에 처한다. \n 형법 제301조 형법 제297조, 형법 제297조의2 및 형법 제298조부터 형법 제300조까지의 죄를 범한 자가 사람을 상해하거나 상해에 이르게 한 때에는 무기 또는 5년 이상의 징역에 처한다.","폭행 또는 협박으로 사람을 강간한 자는 3년 이상의 유기징역에 처한다. \n 폭행 또는 협박으로 사람에 대하여 구강, 항문 등 신체(성기는 제외한다)의 내부에 성기를 넣거나 성기, 항문에 손가락 등 신체(성기는 제외한다)의 일부 또는 도구를 넣는 행위를 한 사람은 2년 이상의 유기징역에 처한다. \n 폭행 또는 협박으로 사람에 대하여 추행을 한 자는 10년 이하의 징역 또는 1천500만원 이하의 벌금에 처한다. \n 사람의 심신상실 또는 항거불능의 상태를 이용하여 간음 또는 추행을 한 자는 제297조, 제297조의2 및 제298조의 예에 의한다. \n "
126,"형법 제262조,형법 제260조 제2항,형법 제260조 제1항,형법 제257조 제2항","형법 제257조 제2항 자기 또는 배우자의 직계존속에 대하여 제1항의 죄를 범한 때에는 10년 이하의 징역 또는 1천500만원 이하의 벌금에 처한다. \n 형법 제260조 제1항 사람의 신체에 대하여 폭행을 가한 자는 2년 이하의 징역, 500만원 이하의 벌금, 구류 또는 과료에 처한다. \n 형법 제260조 제2항 자기 또는 배우자의 직계존속에 대하여 제1항의 죄를 범한 때에는 5년 이하의 징역 또는 700만원 이하의 벌금에 처한다. \n  형법 제262조 형법 제260조와 형법 제261조의 죄를 지어 사람을 사망이나 상해에 이르게 한 경우에는 형법 제257조부터 형법 제259조까지의 예에 따른다.",
127,"형법 제260조 제2항,형법 제260조 제1항","형법 제260조 제1항 사람의 신체에 대하여 폭행을 가한 자는 2년 이하의 징역, 500만원 이하의 벌금, 구류 또는 과료에 처한다. \n 형법 제260조 제2항 자기 또는 배우자의 직계존속에 대하여 제1항의 죄를 범한 때에는 5년 이하의 징역 또는 700만원 이하의 벌금에 처한다.",
128,"형법 제262조,형법 제260조 제1항,형법 제259조 제1항","형법 제259조 제1항 사람의 신체를 상해하여 사망에 이르게 한 자는 3년 이상의 유기징역에 처한다. \n 형법 제260조 제1항 사람의 신체에 대하여 폭행을 가한 자는 2년 이하의 징역, 500만원 이하의 벌금, 구류 또는 과료에 처한다. \n 형법 제262조 형법 제260조와 형법 제261조의 죄를 지어 사람을 사망이나 상해에 이르게 한 경우에는 형법 제257조부터 형법 제259조까지의 예에 따른다.",
129,형법 제164조 제1항,"형법 제164조 제1항 불을 놓아 사람이 주거로 사용하거나 사람이 현존하는 건조물, 기차, 전차, 자동차, 선박, 항공기 또는 지하채굴시설을 불태운 자는 무기 또는 3년 이상의 징역에 처한다.",
130,성폭력범죄의처벌등에관한특례법 제10조 제1항,"성폭력범죄의처벌등에관한특례법 제10조 제1항 업무, 고용이나 그 밖의 관계로 인하여 자기의 보호, 감독을 받는 사람에 대하여 위계 또는 위력으로 추행한 사람은 2년 이하의 징역 또는 500만원 이하의 벌금에 처한다.",
131,형법 제337조,형법 제337조 강도가 사람을 상해하거나 상해에 이르게 한때에는 무기 또는 7년 이상의 징역에 처한다.,
132,"형법 제357조 제2항,형법 제357조 제1항",형법 제357조 제1항 타인의 사무를 처리하는 자가 그 임무에 관하여 부정한 청탁을 받고 재물 또는 재산상의 이익을 취득하거나 제3자로 하여금 이를 취득하게 한 때에는 5년 이하의 징역 또는 1천만원 이하의 벌금에 처한다. \n 형법 제357조 제2항 형법 제357조 제1항의 재물 또는 재산상 이익을 공여한 자는 2년 이하의 징역 또는 500만원 이하의 벌금에 처한다.,
133,"아동ㆍ청소년의성보호에관한법률 제7조 제3항,형법 제298조",형법 제298조 폭행 또는 협박으로 사람에 대하여 추행을 한 자는 10년 이하의 징역 또는 1천500만원 이하의 벌금에 처한다. \n 아동ㆍ청소년의성보호에관한법률 제7조 제3항 아동·청소년에 대하여 형법 제298조의 죄를 범한 자는 2년 이상의 유기징역 또는 1천만원 이상 3천만원 이하의 벌금에 처한다.,
134,"형법 제262조,형법 제261조,형법 제257조 제1항","형법 제257조 제1항 사람의 신체를 상해한 자는 7년 이하의 징역, 10년 이하의 자격정지 또는 1천만원 이하의 벌금에 처한다. \n 형법 제261조 단체 또는 다중의 위력을 보이거나 위험한 물건을 휴대하여 형법 제260조 제1항 또는 제2항의 죄를 범한 때에는 5년 이하의 징역 또는 1천만원 이하의 벌금에 처한다. \n 형법 제262조 형법 제260조와 형법 제261조의 죄를 지어 사람을 사망이나 상해에 이르게 한 경우에는 형법 제257조부터 형법 제259조까지의 예에 따른다.",
135,"형법 제299조,형법 제297조","형법 제299조 사람의 심신상실 또는 항거불능의 상태를 이용하여 간음 또는 추행을 한 자는 형법 제297조, 형법 제297조의2 및 형법 제298조의 예에 의한다. \n 형법 제297조 폭행 또는 협박으로 사람에 대하여 구강, 항문 등 신체(성기는 제외한다)의 내부에 성기를 넣거나 성기, 항문에 손가락 등 신체(성기는 제외한다)의 일부 또는 도구를 넣는 행위를 한 사람은 2년 이상의 유기징역에 처한다.",
136,형법 제350조 제1항,형법 제350조 제1항 사람을 공갈하여 재물의 교부를 받거나 재산상의 이익을 취득한 자는 10년 이하의 징역 또는 2천만원 이하의 벌금에 처한다.,
137,"형법 제136조 제1항,형법 제141조 제1항",형법 제136조 제1항 직무를 집행하는 공무원에 대하여 폭행 또는 협박한 자는 5년 이하의 징역 또는 1천만원 이하의 벌금에 처한다. \n 형법 제141조 공무소에서 사용하는 서류 기타 물건 또는 전자기록등 특수매체기록을 손상 또는 은닉하거나 기타 방법으로 그 효용을 해한 자는 7년 이하의 징역 또는 1천만원 이하의 벌금에 처한다.,
138,형법 제151조 제1항,형법 제151조 제1항 벌금 이상의 형에 해당하는 죄를 범한 자를 은닉 또는 도피하게 한 자는 3년 이하의 징역 또는 500만원 이하의 벌금에 처한다.,
139,"형법 제334조 제2항,형법 제334조 제1항,형법 제333조","형법 제333조 폭행 또는 협박으로 타인의 재물을 강취하거나 기타 재산상의 이익을 취득하거나 제삼자로 하여금 이를 취득하게 한 자는 3년 이상의 유기징역에 처한다. \n 형법 제334조 제1항 야간에 사람의 주거, 관리하는 건조물, 선박이나 항공기 또는 점유하는 방실에 침입하여 형법 제333조의 죄를 범한 자는 무기 또는 5년 이상의 징역에 처한다. \n 형법 제334조 제2항 흉기를 휴대하거나 2인 이상이 합동하여 전조의 죄를 범한 자도 전항의 형과 같다.",
140,아동ㆍ청소년의성보호에관한법률 제13조 제1항,아동ㆍ청소년의성보호에관한법률 제13조 제1항 아동ㆍ청소년의 성을 사는 행위를 한 자는 1년 이상 10년 이하의 징역 또는 2천만원 이상 5천만원 이하의 벌금에 처한다.,
141,"형법 제329조,형법 제366조","형법 제329조 타인의 재물을 절취한 자는 6년 이하의 징역 또는 1천만원 이하의 벌금에 처한다. \n 형법 제366조 타인의 재물, 문서 또는 전자기록등 특수매체기록을 손괴 또는 은닉 기타 방법으로 기 효용을 해한 자는 3년이하의 징역 또는 700만원 이하의 벌금에 처한다.",
142,"형법 제246조 제2항,형법 제246조 제1항","형법 제246조 제1항 타인의 재물, 문서 또는 전자기록등 특수매체기록을 손괴 또는 은닉 기타 방법으로 기 효용을 해한 자는 3년이하의 징역 또는 700만원 이하의 벌금에 처한다. \n 형법 제246조 제2항 상습으로 제1항의 죄를 범한 사람은 3년 이하의 징역 또는 2천만원 이하의 벌금에 처한다.",
143,"특정범죄가중처벌등에관한법률 제5조의4 제6항,형법 제329조",형법 제329조 타인의 재물을 절취한 자는 6년 이하의 징역 또는 1천만원 이하의 벌금에 처한다. \n 특정범죄가중처벌등에관한법률 제5조의4 제6항 상습적으로 형법 제329조부터 형법 제331조까지의 죄나 그 미수죄 또는 제2항의 죄로 두 번 이상 실형을 선고받고 그 집행이 끝나거나 면제된 후 3년 이내에 다시 상습적으로 형법 제329조부터 형법 제331조까지의 죄나 그 미수죄 또는 제2항의 죄를 범한 경우에는 3년 이상 25년 이하의 징역에 처한다.,
144,정보통신망이용촉진및정보보호등에관한법률 제70조 제1항,정보통신망이용촉진및정보보호등에관한법률 제70조 제1항 사람을 비방할 목적으로 정보통신망을 통하여 공공연하게 사실을 드러내어 다른 사람의 명예를 훼손한 자는 3년 이하의 징역 또는 3천만원 이하의 벌금에 처한다.,
145,형법 제267조,형법 제267조 과실로 인하여 사람을 사망에 이르게 한 자는 2년 이하의 금고 또는 700만원 이하의 벌금에 처한다.,
146,"특정범죄가중처벌등에관한법률 제5조의3 제1항 제1호,형법 제268조","형법 제268조 업무상과실 또는 중대한 과실로 사람을 사망이나 상해에 이르게 한 자는 5년 이하의 금고 또는 2천만원 이하의 벌금에 처한다. \n 특정범죄가중처벌등에관한법률 제5조의3 제1항 제1호 도로교통법 제2조에 규정된 자동차ㆍ원동기장치자전거의 교통으로 인하여 형법 제268조의 죄를 범한 해당 차량의 운전자(이하 “사고운전자”라 한다)가 피해자를 구호하는 등 도로교통법 제54조제1항에 따른 조치를 하지 아니하고 도주한 경우에는 다음 각 호의 구분에 따라 가중처벌한다. 피해자를 사망에 이르게 하고 도주하거나, 도주 후에 피해자가 사망한 경우에는 사형, 무기 또는 5년 이상의 징역에 처한다.",
147,"형법 제347조 제1항,형법 제314조 제1항",형법 제314조 제1항 형법 제313조의 방법 또는 위력으로써 사람의 업무를 방해한 자는 5년 이하의 징역 또는 1천500만원 이하의 벌금에 처한다. \n 형법 제347조 제1항 사람을 기망하여 재물의 교부를 받거나 재산상의 이익을 취득한 자는 10년 이하의 징역 또는 2천만원 이하의 벌금에 처한다.,
148,"폭력행위등처벌에관한법률 제2조 제3항 제1호,폭력행위등처벌에관한법률 제2조 제2항 제1호,형법 제260조 제1항","형법 제260조 제1항 사람의 신체에 대하여 폭행을 가한 자는 2년 이하의 징역, 500만원 이하의 벌금, 구류 또는 과료에 처한다. \n 폭력행위등처벌에관한법률 제2조 제2항 제1호 2명 이상이 공동하여 다음 각 호의 죄를 범한 사람은 형법 각 해당 조항에서 정한 형의 2분의 1까지 가중한다. 형법 제260조 제1항(폭행), 형법 제283조 제1항(협박), 형법 제319조(주거침입, 퇴거불응) 또는 형법 제366조(재물손괴 등)의 죄 \n 폭력행위등처벌에관한법률 제2조 제3항 제1호 이 법(형법 각 해당 조항 및 각 해당 조항의 상습범, 특수범, 상습특수범, 각 해당 조항의 상습범의 미수범, 특수범의 미수범, 상습특수범의 미수범을 포함한다)을 위반하여 2회 이상 징역형을 받은 사람이 다시 제2항 각 호에 규정된 죄를 범하여 누범으로 처벌할 경우에는 다음 각 호의 구분에 따라 가중처벌한다. 폭력행위등처벌에관한법률 제2조 제2항 제1호에 규정된 죄를 범한 사람: 7년 이하의 징역.",
149,"도로교통법 제154조 제2호,도로교통법 제43조","도로교통법 제43조 누구든지 도로교통법 제80조에 따라 시ㆍ도경찰청장으로부터 운전면허를 받지 아니하거나 운전면허의 효력이 정지된 경우에는 자동차등을 운전하여서는 아니 된다. \n 도로교통법 제154조 제2호 다음 각 호의 어느 하나에 해당하는 사람은 30만원 이하의 벌금이나 구류에 처한다. 도로교통법 제43조를 위반하여 도로교통법 제80조에 따른 원동기장치자전거를 운전할 수 있는 운전면허를 받지 아니하거나(원동기장치자전거를 운전할 수 있는 운전면허의 효력이 정지된 경우를 포함한다) 국제운전면허증 또는 상호인정외국면허증 중 원동기장치자전거를 운전할 수 있는 것으로 기재된 국제운전면허증 또는 상호인정외국면허증을 발급받지 아니하고(운전이 금지된 경우와 유효기간이 지난 경우를 포함한다) 원동기장치자전거를 운전한 사람(다만, 개인형 이동장치를 운전하는 경우는 제외한다)",
150,아동ㆍ청소년의성보호에관한법률 제13조 제2항,아동ㆍ청소년의성보호에관한법률 제13조 제2항 아동ㆍ청소년의 성을 사는 행위를 한 자는 1년 이상 10년 이하의 징역 또는 2천만원 이상 5천만원 이하의 벌금에 처한다.,
151,형법 제259조 제1항,형법 제259조 제1항 사람의 신체를 상해하여 사망에 이르게 한 자는 3년 이상의 유기징역에 처한다.,
152,"도로교통법 제148조의2 제3항 제1호,도로교통법 제44조 제1항,도로교통법 제154조 제2호,도로교통법 제43조","도로교통법 제43조 누구든지 도로교통법 제80조에 따라 시ㆍ도경찰청장으로부터 운전면허를 받지 아니하거나 운전면허의 효력이 정지된 경우에는 자동차등을 운전하여서는 아니 된다. \n 도로교통법 제154조 제2호 다음 각 호의 어느 하나에 해당하는 사람은 30만원 이하의 벌금이나 구류에 처한다. 도로교통법 제43조를 위반하여 도로교통법 제80조에 따른 원동기장치자전거를 운전할 수 있는 운전면허를 받지 아니하거나(원동기장치자전거를 운전할 수 있는 운전면허의 효력이 정지된 경우를 포함한다) 국제운전면허증 또는 상호인정외국면허증 중 원동기장치자전거를 운전할 수 있는 것으로 기재된 국제운전면허증 또는 상호인정외국면허증을 발급받지 아니하고(운전이 금지된 경우와 유효기간이 지난 경우를 포함한다) 원동기장치자전거를 운전한 사람(다만, 개인형 이동장치를 운전하는 경우는 제외한다). \n 도로교통법 제44조 제1항 누구든지 술에 취한 상태에서 자동차등(건설기계관리법 제26조제1항 단서에 따른 건설기계 외의 건설기계를 포함한다. 이하 이 조, 제45조, 제47조, 제93조제1항제1호부터 제4호까지 및 제148조의2에서 같다), 노면전차 또는 자전거를 운전하여서는 아니 된다. \n 도로교통법 제148조의2 제3항 제1호 도로교통 제44조 제1항을 위반하여 술에 취한 상태에서 자동차등 또는 노면전차를 운전한 사람은 다음 각 호의 구분에 따라 처벌한다. 혈중알코올농도가 0.2퍼센트 이상인 사람은 2년 이상 5년 이하의 징역이나 1천만원 이상 2천만원 이하의 벌금.",
153,"특정범죄가중처벌등에관한법률 제5조의4 제5항 제1호,형법 제330조","형법 제330조 야간에 사람의 주거, 관리하는 건조물, 선박, 항공기 또는 점유하는 방실(房室)에 침입하여 타인의 재물을 절취한 자는 10년 이하의 징역에 처한다. \n 특정범죄가중처벌등에관한법률 제5조의4 제5항 제1호 형법 제329조부터 형법 제331조까지, 형법 제333조부터 형법 제336조까지 및 형법 제340조 형법 제362조의 죄 또는 그 미수죄로 세 번 이상 징역형을 받은 사람이 다시 이들 죄를 범하여 누범으로 처벌하는 경우에는 다음 각 호의 구분에 따라 가중처벌한다. 형법 제329조부터 제331조까지의 죄(미수범을 포함한다)를 범한 경우에는 2년 이상 20년 이하의 징역에 처한다.",
154,"도로교통법 제148조의2 제2항,도로교통법 제44조 제2항,도로교통법 제154조 제2호,도로교통법 제43조","도로교통법 제43조 누구든지 도로교통법 제80조에 따라 시ㆍ도경찰청장으로부터 운전면허를 받지 아니하거나 운전면허의 효력이 정지된 경우에는 자동차등을 운전하여서는 아니 된다. \n 도로교통법 제154조 제2호 다음 각 호의 어느 하나에 해당하는 사람은 30만원 이하의 벌금이나 구류에 처한다. 도로교통법 제43조를 위반하여 도로교통법 제80조에 따른 원동기장치자전거를 운전할 수 있는 운전면허를 받지 아니하거나(원동기장치자전거를 운전할 수 있는 운전면허의 효력이 정지된 경우를 포함한다) 국제운전면허증 또는 상호인정외국면허증 중 원동기장치자전거를 운전할 수 있는 것으로 기재된 국제운전면허증 또는 상호인정외국면허증을 발급받지 아니하고(운전이 금지된 경우와 유효기간이 지난 경우를 포함한다) 원동기장치자전거를 운전한 사람(다만, 개인형 이동장치를 운전하는 경우는 제외한다)",
155,"형법 제329조,형법 제347조의2",형법 제329조 타인의 재물을 절취한 자는 6년 이하의 징역 또는 1천만원 이하의 벌금에 처한다. \n 형법 제347조의2 컴퓨터등 정보처리장치에 허위의 정보 또는 부정한 명령을 입력하거나 권한 없이 정보를 입력ㆍ변경하여 정보처리를 하게 함으로써 재산상의 이익을 취득하거나 제3자로 하여금 취득하게 한 자는 10년 이하의 징역 또는 2천만원 이하의 벌금에 처한다.,
156,"형법 제284조,형법 제283조 제2항,형법 제283조 제1항","형법 제257조 제1항 사람의 신체를 상해한 자는 7년 이하의 징역, 10년 이하의 자격정지 또는 1천만원 이하의 벌금에 처한다. \n 형법 제257조 제2항 자기 또는 배우자의 직계존속에 대하여 제1항의 죄를 범한 때에는 10년 이하의 징역 또는 1천500만원 이하의 벌금에 처한다. \n 형법 제284조 단체 또는 다중의 위력을 보이거나 위험한 물건을 휴대하여 전조제1항, 제2항의 죄를 범한 때에는 7년 이하의 징역 또는 1천만원 이하의 벌금에 처한다.",
157,"형법 제258조의2 제1항,형법 제257조 제2항,형법 제257조 제1항","형법 제257조 제1항 사람의 신체를 상해한 자는 7년 이하의 징역, 10년 이하의 자격정지 또는 1천만원 이하의 벌금에 처한다. \n 형법 제257조 제2항 자기 또는 배우자의 직계존속에 대하여 제1항의 죄를 범한 때에는 10년 이하의 징역 또는 1천500만원 이하의 벌금에 처한다. \n 형법 제258조의2 제1항 단체 또는 다중의 위력을 보이거나 위험한 물건을 휴대하여 형법 제257조 제1항 또는 제2항의 죄를 범한 때에는 1년 이상 10년 이하의 징역에 처한다.",
158,산림자원의조성및관리에관한법률 제73조 제1항,산림자원의조성및관리에관한법률 제73조 제1항 산림에서 그 산물(조림된 묘목을 포함한다. 이하 이 조에서 같다)을 절취한 자는 5년 이하의 징역 또는 5천만원 이하의 벌금에 처한다.,
159,"폭력행위등처벌에관한법률 제2조 제2항 제1호,형법 제283조 제1항","형법 제283조 제1항 사람을 협박한 자는 3년 이하의 징역, 500만원 이하의 벌금, 구류 또는 과료에 처한다. \n 폭력행위등처벌에관한법률 제2조 제2항 제1호 2명 이상이 공동하여 다음 각 호의 죄를 범한 사람은 형법 각 해당 조항에서 정한 형의 2분의 1까지 가중한다. 형법 제260조 제1항(폭행), 형법 제283조 제1항(협박), 형법 제319조(주거침입, 퇴거불응) 또는 형법 제366조(재물손괴 등)의 죄.",
160,"형법 제258조 제2항,형법 제258조 제1항",형법 제258조 제1항 사람의 신체를 상해하여 생명에 대한 위험을 발생하게 한 자는 1년 이상 10년 이하의 징역에 처한다. \n 형법 제258조 제2항 신체의 상해로 인하여 불구 또는 불치나 난치의 질병에 이르게 한 자도 전항의 형과 같다.,
161,"형법 제170조 제1항,형법 제164조 제1항","형법 제164조 제1항 불을 놓아 사람이 주거로 사용하거나 사람이 현존하는 건조물, 기차, 전차, 자동차, 선박, 항공기 또는 지하채굴시설을 불태운 자는 무기 또는 3년 이상의 징역에 처한다. \n 형법 제170조 제1항 과실로 형법 제164조 또는 형법 제165조에 기재한 물건 또는 타인 소유인 형법 제166조에 기재한 물건을 불태운 자는 1천500만원 이하의 벌금에 처한다.",
162,아동ㆍ청소년의성보호에관한법률 제11조 제3항,아동ㆍ청소년의성보호에관한법률 제11조 제3항 아동ㆍ청소년의 성을 사는 행위의 상대방이 되도록 유인ㆍ권유한 자는 7년 이하의 징역 또는 5천만원 이하의 벌금에 처한다.,
163,"특정범죄가중처벌등에관한법률 제5조의9 제2항,특정범죄가중처벌등에관한법률 제5조의9 제1항,형법 제283조 제1항","형법 제283조 제1항 사람을 협박한 자는 3년 이하의 징역, 500만원 이하의 벌금, 구류 또는 과료에 처한다. \n 특정범죄가중처벌등에관한법률 제5조의9 제1항 자기 또는 타인의 형사사건의 수사 또는 재판과 관련하여 고소ㆍ고발 등 수사단서의 제공, 진술, 증언 또는 자료제출에 대한 보복의 목적으로 형법 제250조 제1항의 죄를 범한 사람은 사형, 무기 또는 10년 이상의 징역에 처한다. 고소ㆍ고발 등 수사단서의 제공, 진술, 증언 또는 자료제출을 하지 못하게 하거나 고소ㆍ고발을 취소하게 하거나 거짓으로 진술ㆍ증언ㆍ자료제출을 하게 할 목적인 경우에도 또한 같다. \n 특정범죄가중처벌등에관한법률 제5조의9 제2항 제1항과 같은 목적으로 형법 제257조 제1항, 형법 제260조 제1항, 형법 제276조 제1항 또는 형법 제283조 제1항의 죄를 범한 사람은 1년 이상의 유기징역에 처한다.",
164,"도로교통법 제151조의2,도로교통법 제46조의3","도로교통법 제46조의3 자동차등(개인형 이동장치는 제외한다)의 운전자는 다음 각 호 중 둘 이상의 행위를 연달아 하거나, 하나의 행위를 지속 또는 반복하여 다른 사람에게 위협 또는 위해를 가하거나 교통상의 위험을 발생하게 하여서는 아니 된다. \n 도로교통법 제151조의2 다음 각 호의 어느 하나에 해당하는 사람은 1년 이하의 징역이나 500만원 이하의 벌금에 처한다.",
165,"형법 제335조,형법 제333조",형법 제333조 과실로 형법 제164조 또는 형법 제165조에 기재한 물건 또는 타인 소유인 형법 제166조에 기재한 물건을 불태운 자는 1천500만원 이하의 벌금에 처한다. \n 형법 제335조 절도가 재물의 탈환에 항거하거나 체포를 면탈하거나 범죄의 흔적을 인멸할 목적으로 폭행 또는 협박한 때에는 형법 제333조 및 형법 제334조의 예에 따른다.,
166,형법 제348조 제1항,형법 제348조 제1항 미성년자의 사리분별력 부족 또는 사람의 심신장애를 이용하여 재물을 교부받거나 재산상 이익을 취득한 자는 10년 이하의 징역 또는 2천만원 이하의 벌금에 처한다.,
167,"형법 제264조,형법 제260조 제1항","형법 제260조 제1항 사람의 신체에 대하여 폭행을 가한 자는 2년 이하의 징역, 500만원 이하의 벌금, 구류 또는 과료에 처한다. \n 형법 제264조 상습으로 형법 제257조, 형법 제258조,  형법 제258조의2, 형법 제260조 또는 형법 제261조의 죄를 범한 때에는 그 죄에 정한 형의 2분의 1까지 가중한다.",
168,"아동ㆍ청소년의성보호에관한법률 제7조 제4항,아동ㆍ청소년의성보호에관한법률 제7조 제3항,형법 제299조","형법 제299조 사람의 심신상실 또는 항거불능의 상태를 이용하여 간음 또는 추행을 한 자는 제297조, 제297조의2 및 제298조의 예에 의한다. \n ",
169,"형법 제264조,형법 제257조 제1항","형법 제257조 제1항 사람의 신체를 상해한 자는 7년 이하의 징역, 10년 이하의 자격정지 또는 1천만원 이하의 벌금에 처한다. \n 형법 제264조 상습으로 제257조, 제258조, 제258조의2, 제260조 또는 제261조의 죄를 범한 때에는 그 죄에 정한 형의 2분의 1까지 가중한다.",
170,"교통사고처리특례법 제3조 제1항,교통사고처리특례법 제3조 제2항_단서 제7호,형법 제268조",형법 제268조 업무상과실 또는 중대한 과실로 사람을 사망이나 상해에 이르게 한 자는 5년 이하의 금고 또는 2천만원 이하의 벌금에 처한다. \n,
171,아동ㆍ청소년의성보호에관한법률 제7조 제1항,아동ㆍ청소년의성보호에관한법률 제7조 제1항 폭행 또는 협박으로 아동ㆍ청소년을 강간한 사람은 무기징역 또는 5년 이상의 유기징역에 처한다.,
172,"교통사고처리특례법 제3조 제1항,교통사고처리특례법 제3조 제2항_단서 제4호,형법 제268조",형법 제268조 업무상과실 또는 중대한 과실로 사람을 사망이나 상해에 이르게 한 자는 5년 이하의 금고 또는 2천만원 이하의 벌금에 처한다. \n,
173,형법 제333조,형법 제333조 폭행 또는 협박으로 타인의 재물을 강취하거나 기타 재산상의 이익을 취득하거나 제삼자로 하여금 이를 취득하게 한 자는 3년 이상의 유기징역에 처한다.,
174,"형법 제305조 제1항,형법 제298조","형법 제298조 폭행 또는 협박으로 사람에 대하여 추행을 한 자는 10년 이하의 징역 또는 1천500만원 이하의 벌금에 처한다. \n 형법 제305조 제1항 13세 미만의 사람에 대하여 간음 또는 추행을 한 자는 형법 제297조, 형법 제297조의2, 형법 제298조, 형법 제301조 또는 형법 제301조의2의 예에 의한다.",
175,"형법 제285조,형법 제283조 제1항","형법 제283조 제1항 사람을 협박한 자는 3년 이하의 징역, 500만원 이하의 벌금, 구류 또는 과료에 처한다. \n 형법 제285조 상습으로 형법 제283조 제1항, 제2항 또는 전조의 죄를 범한 때에는 그 죄에 정한 형의 2분의 1까지 가중한다.",
176,형법 제258조 제1항,형법 제258조 제1항 사람의 신체를 상해하여 생명에 대한 위험을 발생하게 한 자는 1년 이상 10년 이하의 징역에 처한다.,